Date,Open,High,Low,Close,Vol.,Change %,high_low,high_close,low_close,TR,ATR
"Jan 02, 2020",170.54,171.42,170.19,171.26,509.18K,0.45%,1.2299999999999898,,,1.2299999999999898,1.2299999999999898
"Jan 03, 2020",171.1,172.38,171.1,172.12,528.22K,0.50%,1.2800000000000011,1.1200000000000045,0.1599999999999966,1.2800000000000011,1.2549999999999955
"Jan 06, 2020",172.45,172.6,172.07,172.24,496.41K,0.07%,0.5300000000000011,0.47999999999998977,0.05000000000001137,0.5300000000000011,1.0133333333333308
"Jan 07, 2020",172.21,172.31,171.91,172.12,582.59K,-0.07%,0.4000000000000057,0.06999999999999318,0.3300000000000125,0.4000000000000057,0.8599999999999994
"Jan 08, 2020",172.5,173.22,171.26,171.78,825.68K,-0.20%,1.960000000000008,1.0999999999999943,0.8600000000000136,1.960000000000008,1.0800000000000012
"Jan 09, 2020",171.31,171.51,171.01,171.14,732.94K,-0.37%,0.5,0.27000000000001023,0.7700000000000102,0.7700000000000102,1.028333333333336
"Jan 10, 2020",171.31,171.43,170.85,171.35,555.74K,0.12%,0.5800000000000125,0.29000000000002046,0.28999999999999204,0.5800000000000125,0.9642857142857183
"Jan 13, 2020",171.36,171.43,170.71,170.76,611.44K,-0.34%,0.7199999999999989,0.0800000000000125,0.6399999999999864,0.7199999999999989,0.9337500000000034
"Jan 14, 2020",170.74,171.08,170.65,171.01,694.22K,0.15%,0.4300000000000068,0.3200000000000216,0.10999999999998522,0.4300000000000068,0.8777777777777815
"Jan 15, 2020",171.05,171.72,171.01,171.46,672.85K,0.26%,0.710000000000008,0.710000000000008,0.0,0.710000000000008,0.8610000000000042
"Jan 16, 2020",171.62,171.8,171.35,171.72,637.67K,0.15%,0.45000000000001705,0.3400000000000034,0.11000000000001364,0.45000000000001705,0.823636363636369
"Jan 17, 2020",171.66,171.82,171.46,171.61,484.60K,-0.06%,0.3599999999999852,0.09999999999999432,0.2599999999999909,0.3599999999999852,0.7850000000000037
"Jan 20, 2020",171.76,171.76,171.52,171.67,233.91K,0.03%,0.23999999999998067,0.14999999999997726,0.09000000000000341,0.23999999999998067,0.743076923076925
"Jan 21, 2020",171.75,172.27,171.55,172.21,752.51K,0.31%,0.7199999999999989,0.6000000000000227,0.11999999999997613,0.7199999999999989,0.7414285714285731
"Jan 22, 2020",172.04,172.5,171.91,172.33,584.94K,0.07%,0.5900000000000034,0.28999999999999204,0.30000000000001137,0.5900000000000034,0.7313333333333352
"Jan 23, 2020",172.41,173.09,172.35,173.03,765.00K,0.41%,0.7400000000000091,0.7599999999999909,0.01999999999998181,0.7599999999999909,0.7331250000000011
"Jan 24, 2020",172.82,173.54,172.6,173.28,812.60K,0.14%,0.9399999999999977,0.5099999999999909,0.4300000000000068,0.9399999999999977,0.7452941176470598
"Jan 27, 2020",173.75,174.27,173.41,174.23,892.31K,0.55%,0.8600000000000136,0.9900000000000091,0.12999999999999545,0.9900000000000091,0.7588888888888903
"Jan 28, 2020",174.11,174.48,173.48,173.68,885.02K,-0.32%,1.0,0.25,0.75,1.0,0.7715789473684224
"Jan 29, 2020",173.66,174.28,173.41,174.06,628.56K,0.22%,0.8700000000000045,0.5999999999999943,0.27000000000001023,0.8700000000000045,0.7765000000000015
"Jan 30, 2020",174.23,174.65,174.23,174.57,761.98K,0.29%,0.4200000000000159,0.5900000000000034,0.1699999999999875,0.5900000000000034,0.7676190476190492
"Jan 31, 2020",174.29,175.3,174.16,175.04,763.63K,0.27%,1.1400000000000148,0.7300000000000182,0.4099999999999966,1.1400000000000148,0.7845454545454568
"Feb 03, 2020",175.1,175.14,174.62,174.88,692.50K,-0.09%,0.5199999999999818,0.09999999999999432,0.4199999999999875,0.5199999999999818,0.7730434782608708
"Feb 04, 2020",175.06,175.07,174.25,174.53,837.83K,-0.20%,0.8199999999999932,0.18999999999999773,0.6299999999999955,0.8199999999999932,0.7750000000000009
"Feb 05, 2020",174.33,174.63,173.65,173.92,947.84K,-0.35%,0.9799999999999898,0.09999999999999432,0.8799999999999955,0.9799999999999898,0.7832000000000005
"Feb 06, 2020",173.71,173.96,173.42,173.82,762.86K,-0.06%,0.5400000000000205,0.040000000000020464,0.5,0.5400000000000205,0.7738461538461551
"Feb 07, 2020",173.87,174.42,173.84,174.18,725.07K,0.21%,0.5799999999999841,0.5999999999999943,0.020000000000010232,0.5999999999999943,0.7674074074074084
"Feb 10, 2020",174.33,174.69,174.01,174.57,500.71K,0.22%,0.6800000000000068,0.5099999999999909,0.17000000000001592,0.6800000000000068,0.7642857142857155
"Feb 11, 2020",174.48,174.55,174.13,174.26,766.47K,-0.18%,0.4200000000000159,0.01999999999998181,0.4399999999999977,0.4399999999999977,0.7531034482758632
"Feb 12, 2020",174.17,174.2,173.72,174.02,737.95K,-0.14%,0.47999999999998977,0.060000000000002274,0.539999999999992,0.539999999999992,0.7460000000000008
"Feb 13, 2020",174.16,174.64,174.05,174.27,879.84K,0.14%,0.589999999999975,0.6199999999999761,0.030000000000001137,0.6199999999999761,0.7419354838709677
"Feb 14, 2020",174.29,174.59,174.1,174.48,470.47K,0.12%,0.4900000000000091,0.3199999999999932,0.17000000000001592,0.4900000000000091,0.7340625000000003
"Feb 17, 2020",174.35,174.52,174.08,174.45,264.96K,-0.02%,0.4399999999999977,0.040000000000020464,0.39999999999997726,0.4399999999999977,0.7251515151515153
"Feb 18, 2020",174.51,174.92,174.29,174.53,761.81K,0.05%,0.6299999999999955,0.46999999999999886,0.1599999999999966,0.6299999999999955,0.7223529411764706
"Feb 19, 2020",174.41,174.74,174.28,174.66,635.29K,0.07%,0.46000000000000796,0.21000000000000796,0.25,0.46000000000000796,0.7148571428571432
"Feb 20, 2020",174.55,175.12,174.51,174.96,869.93K,0.17%,0.6100000000000136,0.46000000000000796,0.15000000000000568,0.6100000000000136,0.7119444444444452
"Feb 21, 2020",174.98,175.37,174.77,174.93,955.61K,-0.02%,0.5999999999999943,0.4099999999999966,0.18999999999999773,0.5999999999999943,0.7089189189189194
"Feb 24, 2020",175.39,175.86,175.13,175.58,1.26M,0.37%,0.7300000000000182,0.9300000000000068,0.19999999999998863,0.9300000000000068,0.7147368421052638
"Feb 25, 2020",175.37,176.21,175.21,176.02,1.13M,0.25%,1.0,0.6299999999999955,0.37000000000000455,1.0,0.7220512820512827
"Feb 26, 2020",175.88,176.3,175.38,175.83,1.41M,-0.11%,0.9200000000000159,0.28000000000000114,0.6400000000000148,0.9200000000000159,0.727000000000001
"Feb 27, 2020",175.99,176.89,175.86,176.58,1.34M,0.43%,1.0299999999999727,1.0599999999999739,0.030000000000001137,1.0599999999999739,0.7351219512195125
"Feb 28, 2020",176.52,177.79,176.52,177.46,1.46M,0.50%,1.2699999999999818,1.2099999999999795,0.060000000000002274,1.2699999999999818,0.7478571428571428
"Mar 02, 2020",177.82,178.38,177.0,177.83,1.98M,0.21%,1.3799999999999955,0.9199999999999875,0.46000000000000796,1.3799999999999955,0.7625581395348835
"Mar 03, 2020",177.41,178.25,176.83,177.74,1.84M,-0.05%,1.4199999999999875,0.4199999999999875,1.0,1.4199999999999875,0.7774999999999995
"Mar 04, 2020",178.23,178.36,177.46,177.9,1.17M,0.09%,0.9000000000000057,0.6200000000000045,0.28000000000000114,0.9000000000000057,0.7802222222222219
"Mar 05, 2020",177.55,178.9,177.5,178.59,167.78K,0.39%,1.4000000000000057,1.0,0.4000000000000057,1.4000000000000057,0.7936956521739128
"Mar 06, 2020",179.02,179.56,179.0,179.44,12.75K,0.48%,0.5600000000000023,0.9699999999999989,0.4099999999999966,0.9699999999999989,0.7974468085106381
"Mar 09, 2020",177.21,179.31,177.05,178.23,994.79K,-0.67%,2.259999999999991,0.12999999999999545,2.3899999999999864,2.3899999999999864,0.8306249999999995
"Mar 10, 2020",177.55,177.91,175.41,177.59,1.28M,-0.36%,2.5,0.3199999999999932,2.819999999999993,2.819999999999993,0.8712244897959177
"Mar 11, 2020",177.07,177.91,176.55,176.77,1.01M,-0.46%,1.3599999999999852,0.3199999999999932,1.039999999999992,1.3599999999999852,0.8809999999999991
"Mar 12, 2020",176.81,177.64,175.9,176.5,1.01M,-0.15%,1.7399999999999807,0.8699999999999761,0.8700000000000045,1.7399999999999807,0.8978431372549007
"Mar 13, 2020",176.32,176.57,173.12,174.17,1.01M,-1.32%,3.4499999999999886,0.06999999999999318,3.3799999999999955,3.4499999999999886,0.9469230769230754
"Mar 16, 2020",174.6,175.25,171.97,172.17,623.39K,-1.15%,3.280000000000001,1.0800000000000125,2.1999999999999886,3.280000000000001,0.9909433962264137
"Mar 17, 2020",172.0,172.47,170.9,171.93,773.97K,-0.14%,1.5699999999999932,0.30000000000001137,1.2699999999999818,1.5699999999999932,1.0016666666666652
"Mar 18, 2020",171.39,171.39,168.24,168.79,879.20K,-1.83%,3.1499999999999773,0.5400000000000205,3.6899999999999977,3.6899999999999977,1.0505454545454531
"Mar 19, 2020",170.01,171.18,167.52,167.94,813.15K,-0.50%,3.6599999999999966,2.390000000000015,1.2699999999999818,3.6599999999999966,1.0971428571428556
"Mar 20, 2020",168.53,170.84,168.52,170.42,543.20K,1.48%,2.319999999999993,2.9000000000000057,0.5800000000000125,2.9000000000000057,1.12877192982456
"Mar 23, 2020",170.69,171.54,170.22,171.12,496.86K,0.41%,1.3199999999999932,1.1200000000000045,0.19999999999998863,1.3199999999999932,1.1320689655172398
"Mar 24, 2020",171.13,171.38,170.19,170.27,454.21K,-0.50%,1.1899999999999977,0.2599999999999909,0.9300000000000068,1.1899999999999977,1.1330508474576255
"Mar 25, 2020",170.5,170.78,169.34,169.62,464.92K,-0.38%,1.4399999999999977,0.5099999999999909,0.9300000000000068,1.4399999999999977,1.1381666666666652
"Mar 26, 2020",169.69,171.35,169.69,171.07,545.09K,0.85%,1.6599999999999966,1.7299999999999898,0.06999999999999318,1.7299999999999898,1.1478688524590146
"Mar 27, 2020",170.95,173.07,170.9,172.56,560.94K,0.87%,2.1699999999999875,2.0,0.1699999999999875,2.1699999999999875,1.1643548387096756
"Mar 30, 2020",172.94,173.83,172.62,173.6,427.48K,0.60%,1.210000000000008,1.2700000000000102,0.060000000000002274,1.2700000000000102,1.1660317460317444
"Mar 31, 2020",172.84,173.16,172.33,172.51,508.92K,-0.63%,0.8299999999999841,0.4399999999999977,1.2699999999999818,1.2699999999999818,1.167656249999998
"Apr 01, 2020",172.7,173.48,172.23,172.57,483.25K,0.03%,1.25,0.9699999999999989,0.28000000000000114,1.25,1.168923076923075
"Apr 02, 2020",172.56,172.6,171.6,171.92,540.02K,-0.38%,1.0,0.030000000000001137,0.9699999999999989,1.0,1.1663636363636345
"Apr 03, 2020",171.96,172.44,171.8,172.06,391.64K,0.08%,0.6399999999999864,0.5200000000000102,0.11999999999997613,0.6399999999999864,1.158507462686565
"Apr 06, 2020",171.85,172.05,171.42,171.82,320.31K,-0.14%,0.6300000000000239,0.009999999999990905,0.6400000000000148,0.6400000000000148,1.1508823529411747
"Apr 07, 2020",171.81,171.9,170.24,170.49,567.35K,-0.77%,1.6599999999999966,0.0800000000000125,1.579999999999984,1.6599999999999966,1.1582608695652155
"Apr 08, 2020",170.79,171.31,170.0,170.46,620.31K,-0.02%,1.3100000000000023,0.8199999999999932,0.4900000000000091,1.3100000000000023,1.1604285714285696
"Apr 09, 2020",170.12,171.09,170.01,170.9,455.32K,0.26%,1.0800000000000125,0.6299999999999955,0.45000000000001705,1.0800000000000125,1.1592957746478858
"Apr 14, 2020",170.47,171.71,170.28,171.54,274.44K,0.37%,1.4300000000000068,0.8100000000000023,0.6200000000000045,1.4300000000000068,1.1630555555555542
"Apr 15, 2020",171.42,172.78,171.36,172.68,532.34K,0.66%,1.4199999999999875,1.240000000000009,0.1799999999999784,1.4199999999999875,1.166575342465752
"Apr 16, 2020",172.43,172.9,172.04,172.67,459.93K,-0.01%,0.8600000000000136,0.21999999999999886,0.6400000000000148,0.8600000000000136,1.162432432432431
"Apr 17, 2020",172.44,172.89,172.17,172.85,299.09K,0.10%,0.7199999999999989,0.21999999999999886,0.5,0.7199999999999989,1.1565333333333319
"Apr 20, 2020",172.65,173.01,172.19,172.41,392.72K,-0.25%,0.8199999999999932,0.1599999999999966,0.6599999999999966,0.8199999999999932,1.1521052631578932
"Apr 21, 2020",172.54,173.26,172.45,172.91,528.25K,0.29%,0.8100000000000023,0.8499999999999943,0.03999999999999204,0.8499999999999943,1.1481818181818166
"Apr 22, 2020",172.71,172.95,171.67,172.0,517.77K,-0.53%,1.2800000000000011,0.03999999999999204,1.240000000000009,1.2800000000000011,1.1498717948717934
"Apr 23, 2020",171.85,172.48,171.29,172.1,571.17K,0.06%,1.1899999999999977,0.47999999999998977,0.710000000000008,1.1899999999999977,1.1503797468354415
"Apr 24, 2020",172.38,172.87,172.27,172.76,417.98K,0.38%,0.5999999999999943,0.7700000000000102,0.17000000000001592,0.7700000000000102,1.1456249999999986
"Apr 27, 2020",172.68,172.91,172.23,172.45,392.52K,-0.18%,0.6800000000000068,0.15000000000000568,0.5300000000000011,0.6800000000000068,1.1398765432098752
"Apr 28, 2020",172.4,172.84,172.09,172.75,423.81K,0.17%,0.75,0.3900000000000148,0.3599999999999852,0.75,1.135121951219511
"Apr 29, 2020",172.75,173.28,172.58,173.06,531.31K,0.18%,0.6999999999999886,0.5300000000000011,0.1699999999999875,0.6999999999999886,1.1298795180722878
"Apr 30, 2020",172.95,174.57,172.94,174.43,780.39K,0.79%,1.6299999999999955,1.509999999999991,0.12000000000000455,1.6299999999999955,1.135833333333332
"May 04, 2020",174.37,174.69,173.77,174.04,497.88K,-0.22%,0.9199999999999875,0.2599999999999909,0.6599999999999966,0.9199999999999875,1.1332941176470572
"May 05, 2020",174.13,174.55,173.42,174.41,642.96K,0.21%,1.1300000000000239,0.5100000000000193,0.6200000000000045,1.1300000000000239,1.1332558139534872
"May 06, 2020",174.15,174.23,173.19,173.3,599.62K,-0.64%,1.039999999999992,0.18000000000000682,1.2199999999999989,1.2199999999999989,1.1342528735632171
"May 07, 2020",173.49,174.08,172.89,173.89,652.67K,0.34%,1.1900000000000261,0.7800000000000011,0.410000000000025,1.1900000000000261,1.1348863636363626
"May 08, 2020",173.87,174.24,173.52,173.77,302.21K,-0.07%,0.7199999999999989,0.35000000000002274,0.3699999999999761,0.7199999999999989,1.1302247191011228
"May 11, 2020",173.47,173.74,173.13,173.53,445.98K,-0.14%,0.6100000000000136,0.030000000000001137,0.6400000000000148,0.6400000000000148,1.124777777777777
"May 12, 2020",173.18,173.49,172.8,173.37,616.39K,-0.09%,0.6899999999999977,0.03999999999999204,0.7299999999999898,0.7299999999999898,1.1204395604395596
"May 13, 2020",173.55,173.92,173.41,173.63,550.62K,0.15%,0.5099999999999909,0.549999999999983,0.03999999999999204,0.549999999999983,1.1142391304347816
"May 14, 2020",173.56,174.08,173.5,173.65,540.23K,0.01%,0.5800000000000125,0.45000000000001705,0.12999999999999545,0.5800000000000125,1.108494623655913
"May 15, 2020",173.62,174.23,173.59,173.74,471.06K,0.05%,0.6399999999999864,0.5799999999999841,0.060000000000002274,0.6399999999999864,1.1035106382978712
"May 18, 2020",173.75,174.09,172.61,173.16,678.10K,-0.33%,1.4799999999999898,0.3499999999999943,1.1299999999999955,1.4799999999999898,1.1074736842105253
"May 19, 2020",172.82,173.11,172.26,172.7,685.90K,-0.27%,0.8500000000000227,0.04999999999998295,0.9000000000000057,0.9000000000000057,1.105312499999999
"May 20, 2020",172.76,172.97,172.51,172.72,547.62K,0.01%,0.46000000000000796,0.27000000000001023,0.18999999999999773,0.46000000000000796,1.098659793814432
"May 21, 2020",172.89,173.27,172.66,173.15,432.62K,0.25%,0.6100000000000136,0.5500000000000114,0.060000000000002274,0.6100000000000136,1.0936734693877543
"May 22, 2020",173.11,173.52,172.93,173.12,460.08K,-0.02%,0.5900000000000034,0.37000000000000455,0.21999999999999886,0.5900000000000034,1.0885858585858579
"May 25, 2020",173.05,173.28,172.98,173.06,136.20K,-0.03%,0.30000000000001137,0.1599999999999966,0.14000000000001478,0.30000000000001137,1.0806999999999993
"May 26, 2020",173.11,173.16,172.01,172.16,705.34K,-0.52%,1.1500000000000057,0.09999999999999432,1.0500000000000114,1.1500000000000057,1.0813861386138608
"May 27, 2020",172.28,172.53,171.5,172.07,841.05K,-0.05%,1.0300000000000011,0.37000000000000455,0.6599999999999966,1.0300000000000011,1.080882352941176
"May 28, 2020",171.82,172.32,171.68,172.05,637.25K,-0.01%,0.6399999999999864,0.25,0.38999999999998636,0.6399999999999864,1.076601941747572
"May 29, 2020",172.15,172.57,172.0,172.46,810.34K,0.24%,0.5699999999999932,0.5199999999999818,0.05000000000001137,0.5699999999999932,1.0717307692307685
"Jun 01, 2020",172.37,172.42,171.47,171.65,638.43K,-0.47%,0.9499999999999886,0.040000000000020464,0.9900000000000091,0.9900000000000091,1.0709523809523802
"Jun 02, 2020",171.92,172.15,171.67,171.86,1.11M,0.12%,0.4800000000000182,0.5,0.01999999999998181,0.5,1.0655660377358485
"Jun 03, 2020",171.66,171.87,170.86,170.97,1.45M,-0.52%,1.009999999999991,0.009999999999990905,1.0,1.009999999999991,1.0650467289719618
"Jun 04, 2020",171.04,171.34,170.37,170.54,1.11M,-0.25%,0.9699999999999989,0.37000000000000455,0.5999999999999943,0.9699999999999989,1.064166666666666
"Jun 05, 2020",170.55,170.7,169.66,169.86,183.51K,-0.40%,1.039999999999992,0.1599999999999966,0.8799999999999955,1.039999999999992,1.0639449541284396
"Jun 08, 2020",170.13,170.27,169.88,170.22,11.88K,0.21%,0.3900000000000148,0.4099999999999966,0.01999999999998181,0.4099999999999966,1.0579999999999992
"Jun 09, 2020",173.61,174.02,173.3,173.46,646.57K,1.90%,0.7199999999999989,3.8000000000000114,3.0800000000000125,3.8000000000000114,1.082702702702702
"Jun 10, 2020",173.47,174.18,173.25,173.81,644.91K,0.20%,0.9300000000000068,0.7199999999999989,0.21000000000000796,0.9300000000000068,1.0813392857142852
"Jun 11, 2020",174.28,175.34,174.12,175.24,598.11K,0.82%,1.2199999999999989,1.5300000000000011,0.3100000000000023,1.5300000000000011,1.0853097345132736
"Jun 12, 2020",175.25,175.6,174.9,175.57,513.63K,0.19%,0.6999999999999886,0.3599999999999852,0.3400000000000034,0.6999999999999886,1.0819298245614029
"Jun 15, 2020",175.62,175.98,175.28,175.52,475.61K,-0.03%,0.6999999999999886,0.4099999999999966,0.28999999999999204,0.6999999999999886,1.0786086956521732
"Jun 16, 2020",175.22,175.58,174.9,175.4,592.82K,-0.07%,0.6800000000000068,0.060000000000002274,0.6200000000000045,0.6800000000000068,1.0751724137931027
"Jun 17, 2020",175.34,175.63,174.8,175.4,596.32K,0.00%,0.8299999999999841,0.22999999999998977,0.5999999999999943,0.8299999999999841,1.0730769230769222
"Jun 18, 2020",175.28,175.76,175.16,175.59,548.60K,0.11%,0.5999999999999943,0.3599999999999852,0.2400000000000091,0.5999999999999943,1.0690677966101685
"Jun 19, 2020",175.61,175.79,175.3,175.68,383.64K,0.05%,0.4899999999999807,0.19999999999998863,0.28999999999999204,0.4899999999999807,1.0642016806722678
"Jun 22, 2020",175.74,176.37,175.6,176.11,440.63K,0.24%,0.7700000000000102,0.6899999999999977,0.0800000000000125,0.7700000000000102,1.061749999999999
"Jun 23, 2020",175.85,176.13,175.45,175.61,559.80K,-0.28%,0.6800000000000068,0.01999999999998181,0.660000000000025,0.6800000000000068,1.058595041322313
"Jun 24, 2020",175.53,176.12,175.2,176.01,592.63K,0.23%,0.9200000000000159,0.5099999999999909,0.410000000000025,0.9200000000000159,1.0574590163934419
"Jun 25, 2020",176.11,176.72,176.09,176.55,526.35K,0.31%,0.6299999999999955,0.710000000000008,0.0800000000000125,0.710000000000008,1.0546341463414628
"Jun 26, 2020",176.39,176.8,176.32,176.7,399.58K,0.08%,0.4800000000000182,0.25,0.2300000000000182,0.4800000000000182,1.0499999999999994
"Jun 29, 2020",176.75,176.86,176.35,176.66,350.34K,-0.02%,0.5100000000000193,0.160000000000025,0.3499999999999943,0.5100000000000193,1.0456799999999995
"Jun 30, 2020",176.58,176.86,176.16,176.52,534.41K,-0.08%,0.700000000000017,0.20000000000001705,0.5,0.700000000000017,1.0429365079365076
"Jul 01, 2020",176.15,176.2,175.2,175.29,550.71K,-0.70%,1.0,0.3200000000000216,1.3200000000000216,1.3200000000000216,1.0451181102362204
"Jul 02, 2020",175.19,176.06,175.04,176.01,628.12K,0.41%,1.0200000000000102,0.7700000000000102,0.25,1.0200000000000102,1.044921875
"Jul 03, 2020",175.98,176.24,175.85,176.02,244.23K,0.01%,0.3900000000000148,0.2300000000000182,0.1599999999999966,0.3900000000000148,1.0398449612403102
"Jul 06, 2020",175.88,176.15,175.62,175.96,407.43K,-0.03%,0.5300000000000011,0.12999999999999545,0.4000000000000057,0.5300000000000011,1.035923076923077
"Jul 07, 2020",176.07,176.3,175.72,175.88,413.70K,-0.05%,0.5800000000000125,0.3400000000000034,0.2400000000000091,0.5800000000000125,1.0324427480916032
"Jul 08, 2020",176.11,176.37,176.02,176.13,435.17K,0.14%,0.3499999999999943,0.4900000000000091,0.14000000000001478,0.4900000000000091,1.0283333333333335
"Jul 09, 2020",176.01,176.61,175.96,176.52,443.34K,0.22%,0.6500000000000057,0.4800000000000182,0.1699999999999875,0.6500000000000057,1.0254887218045117
"Jul 10, 2020",176.41,176.92,176.34,176.63,476.77K,0.06%,0.5799999999999841,0.39999999999997726,0.18000000000000682,0.5799999999999841,1.0221641791044778
"Jul 13, 2020",176.48,176.49,175.54,175.63,503.25K,-0.57%,0.950000000000017,0.13999999999998636,1.0900000000000034,1.0900000000000034,1.0226666666666668
"Jul 14, 2020",175.98,176.25,175.74,176.2,476.67K,0.32%,0.5099999999999909,0.6200000000000045,0.11000000000001364,0.6200000000000045,1.0197058823529415
"Jul 15, 2020",176.03,176.47,175.92,176.12,538.08K,-0.05%,0.5500000000000114,0.27000000000001023,0.28000000000000114,0.5500000000000114,1.016277372262774
"Jul 16, 2020",176.17,176.74,176.07,176.62,472.60K,0.28%,0.6700000000000159,0.6200000000000045,0.05000000000001137,0.6700000000000159,1.0137681159420295
"Jul 17, 2020",176.41,176.68,176.1,176.27,332.01K,-0.20%,0.5800000000000125,0.060000000000002274,0.5200000000000102,0.5800000000000125,1.010647482014389
"Jul 20, 2020",176.19,176.54,175.77,176.37,465.20K,0.06%,0.7699999999999818,0.2699999999999818,0.5,0.7699999999999818,1.0089285714285718
"Jul 21, 2020",176.24,176.45,176.06,176.37,407.57K,0.00%,0.38999999999998636,0.07999999999998408,0.3100000000000023,0.38999999999998636,1.004539007092199
"Jul 22, 2020",176.37,176.95,176.2,176.93,482.28K,0.32%,0.75,0.5799999999999841,0.17000000000001592,0.75,1.0027464788732396
"Jul 23, 2020",176.79,176.89,176.59,176.72,404.14K,-0.12%,0.29999999999998295,0.040000000000020464,0.3400000000000034,0.3400000000000034,0.9981118881118884
"Jul 24, 2020",176.77,176.98,175.95,176.09,608.25K,-0.36%,1.0300000000000011,0.2599999999999909,0.7700000000000102,1.0300000000000011,0.9983333333333336
"Jul 27, 2020",176.06,176.87,175.96,176.8,481.82K,0.40%,0.9099999999999966,0.7800000000000011,0.12999999999999545,0.9099999999999966,0.9977241379310348
"Jul 28, 2020",176.51,177.24,176.49,177.13,494.53K,0.19%,0.75,0.4399999999999977,0.3100000000000023,0.75,0.9960273972602742
"Jul 29, 2020",177.15,177.29,176.83,176.95,431.54K,-0.10%,0.45999999999997954,0.1599999999999966,0.29999999999998295,0.45999999999997954,0.9923809523809526
"Jul 30, 2020",177.0,177.8,176.92,177.69,531.23K,0.42%,0.8800000000000239,0.8500000000000227,0.030000000000001137,0.8800000000000239,0.9916216216216219
"Jul 31, 2020",177.71,178.01,177.25,177.52,573.93K,-0.10%,0.7599999999999909,0.3199999999999932,0.4399999999999977,0.7599999999999909,0.99006711409396
"Aug 03, 2020",177.44,177.48,177.03,177.31,380.28K,-0.12%,0.44999999999998863,0.040000000000020464,0.4900000000000091,0.4900000000000091,0.9867333333333337
"Aug 04, 2020",177.31,178.01,177.19,177.81,454.20K,0.28%,0.8199999999999932,0.6999999999999886,0.12000000000000455,0.8199999999999932,0.985629139072848
"Aug 05, 2020",177.96,178.0,177.0,177.1,492.40K,-0.40%,1.0,0.18999999999999773,0.8100000000000023,1.0,0.9857236842105266
"Aug 06, 2020",177.02,177.81,176.92,177.6,547.06K,0.28%,0.8900000000000148,0.710000000000008,0.18000000000000682,0.8900000000000148,0.9850980392156866
"Aug 07, 2020",177.38,177.67,177.07,177.17,394.37K,-0.24%,0.5999999999999943,0.06999999999999318,0.5300000000000011,0.5999999999999943,0.9825974025974029
"Aug 10, 2020",177.16,177.64,176.89,177.5,366.17K,0.19%,0.75,0.46999999999999886,0.28000000000000114,0.75,0.9810967741935487
"Aug 11, 2020",177.39,177.5,176.56,176.66,562.34K,-0.47%,0.9399999999999977,0.0,0.9399999999999977,0.9399999999999977,0.9808333333333337
"Aug 12, 2020",176.86,176.88,175.93,176.24,642.98K,-0.24%,0.9499999999999886,0.21999999999999886,0.7299999999999898,0.9499999999999886,0.9806369426751594
"Aug 13, 2020",176.43,176.6,175.27,175.56,635.29K,-0.39%,1.329999999999984,0.3599999999999852,0.9699999999999989,1.329999999999984,0.9828481012658229
"Aug 14, 2020",175.26,175.81,175.25,175.76,486.10K,0.11%,0.5600000000000023,0.25,0.3100000000000023,0.5600000000000023,0.9801886792452832
"Aug 17, 2020",175.61,176.27,175.54,176.21,470.45K,0.26%,0.7300000000000182,0.5100000000000193,0.21999999999999886,0.7300000000000182,0.9786250000000003
"Aug 18, 2020",176.14,176.51,176.03,176.43,514.88K,0.12%,0.47999999999998977,0.29999999999998295,0.18000000000000682,0.47999999999998977,0.9755279503105592
"Aug 19, 2020",176.47,176.87,176.39,176.57,542.39K,0.08%,0.4800000000000182,0.4399999999999977,0.040000000000020464,0.4800000000000182,0.9724691358024694
"Aug 20, 2020",176.58,177.18,176.45,176.95,562.70K,0.22%,0.7300000000000182,0.6100000000000136,0.12000000000000455,0.7300000000000182,0.970981595092025
"Aug 21, 2020",176.87,177.37,176.75,177.1,531.59K,0.08%,0.6200000000000045,0.4200000000000159,0.19999999999998863,0.6200000000000045,0.9688414634146346
"Aug 24, 2020",177.21,177.25,176.73,177.02,461.45K,-0.05%,0.5200000000000102,0.15000000000000568,0.37000000000000455,0.5200000000000102,0.9661212121212126
"Aug 25, 2020",176.95,176.95,175.75,175.89,760.04K,-0.64%,1.1999999999999886,0.0700000000000216,1.2700000000000102,1.2700000000000102,0.9679518072289163
"Aug 26, 2020",176.0,176.04,175.47,175.66,733.62K,-0.13%,0.5699999999999932,0.15000000000000568,0.4199999999999875,0.5699999999999932,0.9655688622754496
"Aug 27, 2020",175.94,176.58,175.28,175.44,873.37K,-0.13%,1.3000000000000114,0.9200000000000159,0.37999999999999545,1.3000000000000114,0.9675595238095244
"Aug 28, 2020",175.29,175.82,175.06,175.68,916.05K,0.14%,0.7599999999999909,0.37999999999999545,0.37999999999999545,0.7599999999999909,0.9663313609467461
"Aug 31, 2020",175.63,175.78,175.22,175.56,629.22K,-0.07%,0.5600000000000023,0.09999999999999432,0.46000000000000796,0.5600000000000023,0.9639411764705887
"Sep 01, 2020",175.46,176.18,175.17,175.72,947.62K,0.09%,1.0100000000000193,0.6200000000000045,0.3900000000000148,1.0100000000000193,0.9642105263157901
"Sep 02, 2020",176.12,176.82,176.0,176.67,1.14M,0.54%,0.8199999999999932,1.0999999999999943,0.28000000000000114,1.0999999999999943,0.9650000000000006
"Sep 03, 2020",176.74,177.18,176.49,177.07,1.29M,0.23%,0.6899999999999977,0.5100000000000193,0.1799999999999784,0.6899999999999977,0.9634104046242781
"Sep 04, 2020",176.93,177.04,176.37,176.78,615.88K,-0.16%,0.6699999999999875,0.030000000000001137,0.6999999999999886,0.6999999999999886,0.9618965517241385
"Sep 07, 2020",176.47,176.86,176.19,176.52,133.13K,-0.15%,0.6700000000000159,0.0800000000000125,0.5900000000000034,0.6700000000000159,0.960228571428572
"Sep 08, 2020",176.52,176.94,176.42,176.93,14.26K,0.23%,0.5200000000000102,0.4199999999999875,0.10000000000002274,0.5200000000000102,0.9577272727272734
"Sep 09, 2020",174.34,174.41,173.51,173.68,607.81K,-1.84%,0.9000000000000057,2.5200000000000102,3.420000000000016,3.420000000000016,0.9716384180790968
"Sep 10, 2020",173.61,173.91,173.06,173.11,665.07K,-0.33%,0.8499999999999943,0.22999999999998977,0.6200000000000045,0.8499999999999943,0.970955056179776
"Sep 11, 2020",173.66,174.04,173.54,173.96,462.19K,0.49%,0.5,0.9299999999999784,0.4299999999999784,0.9299999999999784,0.9707262569832408
"Sep 14, 2020",174.02,174.32,173.91,174.0,433.07K,0.02%,0.4099999999999966,0.3599999999999852,0.05000000000001137,0.4099999999999966,0.9676111111111116
"Sep 15, 2020",174.05,174.15,173.78,174.0,472.41K,0.00%,0.37000000000000455,0.15000000000000568,0.21999999999999886,0.37000000000000455,0.964309392265194
"Sep 16, 2020",174.12,174.29,173.84,173.92,455.12K,-0.05%,0.44999999999998863,0.28999999999999204,0.1599999999999966,0.44999999999998863,0.961483516483517
"Sep 17, 2020",174.05,174.45,173.74,174.26,647.27K,0.20%,0.7099999999999795,0.5300000000000011,0.1799999999999784,0.7099999999999795,0.9601092896174868
"Sep 18, 2020",174.07,174.43,173.93,174.07,438.52K,-0.11%,0.5,0.17000000000001592,0.3299999999999841,0.5,0.9576086956521743
"Sep 21, 2020",174.08,174.85,173.95,174.65,608.20K,0.33%,0.9000000000000057,0.7800000000000011,0.12000000000000455,0.9000000000000057,0.9572972972972977
"Sep 22, 2020",174.56,174.74,174.25,174.37,588.25K,-0.16%,0.4900000000000091,0.09000000000000341,0.4000000000000057,0.4900000000000091,0.9547849462365596
"Sep 23, 2020",174.38,174.64,174.19,174.21,574.54K,-0.09%,0.44999999999998863,0.2699999999999818,0.18000000000000682,0.44999999999998863,0.9520855614973266
"Sep 24, 2020",174.43,174.72,174.22,174.44,557.16K,0.13%,0.5,0.5099999999999909,0.009999999999990905,0.5099999999999909,0.9497340425531918
"Sep 25, 2020",174.27,174.7,174.16,174.67,472.17K,0.13%,0.539999999999992,0.2599999999999909,0.28000000000000114,0.539999999999992,0.9475661375661378
"Sep 28, 2020",174.58,174.68,174.31,174.62,427.30K,-0.03%,0.37000000000000455,0.010000000000019327,0.3599999999999852,0.37000000000000455,0.944526315789474
"Sep 29, 2020",174.63,174.9,174.58,174.87,498.12K,0.14%,0.3199999999999932,0.28000000000000114,0.03999999999999204,0.3199999999999932,0.9412565445026181
"Sep 30, 2020",174.81,174.95,174.34,174.52,714.17K,-0.20%,0.6099999999999852,0.07999999999998408,0.5300000000000011,0.6099999999999852,0.9395312500000003
"Oct 01, 2020",174.5,174.71,174.17,174.66,715.32K,0.08%,0.5400000000000205,0.18999999999999773,0.35000000000002274,0.5400000000000205,0.9374611398963734
"Oct 02, 2020",174.61,174.97,174.6,174.66,526.39K,0.00%,0.37000000000000455,0.3100000000000023,0.060000000000002274,0.37000000000000455,0.9345360824742271
"Oct 05, 2020",174.67,174.9,174.19,174.42,529.43K,-0.14%,0.710000000000008,0.2400000000000091,0.46999999999999886,0.710000000000008,0.9333846153846158
"Oct 06, 2020",174.18,174.65,174.15,174.27,664.92K,-0.09%,0.5,0.2300000000000182,0.2699999999999818,0.5,0.9311734693877555
"Oct 07, 2020",174.58,174.61,173.93,174.13,705.09K,-0.08%,0.6800000000000068,0.3400000000000034,0.3400000000000034,0.6800000000000068,0.9298984771573608
"Oct 08, 2020",174.1,174.58,174.04,174.48,455.63K,0.20%,0.5400000000000205,0.45000000000001705,0.09000000000000341,0.5400000000000205,0.9279292929292935
"Oct 09, 2020",174.52,174.86,174.49,174.68,492.24K,0.11%,0.37000000000000455,0.3800000000000239,0.010000000000019327,0.3800000000000239,0.9251758793969855
"Oct 12, 2020",174.74,174.87,174.6,174.81,307.19K,0.07%,0.27000000000001023,0.18999999999999773,0.0800000000000125,0.27000000000001023,0.9219000000000007
"Oct 13, 2020",174.88,175.13,174.76,175.06,492.61K,0.14%,0.37000000000000455,0.3199999999999932,0.05000000000001137,0.37000000000000455,0.9191542288557221
"Oct 14, 2020",175.07,175.5,175.04,175.35,546.06K,0.17%,0.46000000000000796,0.4399999999999977,0.020000000000010232,0.46000000000000796,0.9168811881188126
"Oct 15, 2020",175.37,176.28,175.35,175.9,836.38K,0.31%,0.9300000000000068,0.9300000000000068,0.0,0.9300000000000068,0.9169458128078826
"Oct 16, 2020",175.82,176.29,175.77,176.07,478.75K,0.10%,0.5199999999999818,0.38999999999998636,0.12999999999999545,0.5199999999999818,0.9150000000000007
"Oct 19, 2020",176.01,176.17,175.77,176.11,486.45K,0.02%,0.39999999999997726,0.09999999999999432,0.29999999999998295,0.39999999999997726,0.9124878048780494
"Oct 20, 2020",176.1,176.24,175.66,175.81,585.02K,-0.17%,0.5800000000000125,0.12999999999999545,0.45000000000001705,0.5800000000000125,0.9108737864077676
"Oct 21, 2020",175.67,175.86,175.34,175.71,647.92K,-0.06%,0.5200000000000102,0.05000000000001137,0.46999999999999886,0.5200000000000102,0.9089855072463775
"Oct 22, 2020",175.54,175.73,175.17,175.19,613.67K,-0.30%,0.5600000000000023,0.01999999999998181,0.5400000000000205,0.5600000000000023,0.907307692307693
"Oct 23, 2020",175.2,175.52,175.0,175.26,551.14K,0.04%,0.5200000000000102,0.3300000000000125,0.18999999999999773,0.5200000000000102,0.9054545454545462
"Oct 26, 2020",175.5,175.73,175.1,175.3,573.12K,0.02%,0.6299999999999955,0.46999999999999886,0.1599999999999966,0.6299999999999955,0.9041428571428578
"Oct 27, 2020",175.45,176.01,175.27,175.94,590.38K,0.37%,0.7399999999999807,0.7099999999999795,0.030000000000001137,0.7399999999999807,0.9033649289099532
"Oct 28, 2020",176.08,176.43,175.95,176.07,793.21K,0.07%,0.4800000000000182,0.4900000000000091,0.009999999999990905,0.4900000000000091,0.9014150943396233
"Oct 29, 2020",176.03,176.44,175.92,176.31,698.75K,0.14%,0.5200000000000102,0.37000000000000455,0.15000000000000568,0.5200000000000102,0.8996244131455406
"Oct 30, 2020",176.18,176.38,175.9,176.15,683.41K,-0.09%,0.47999999999998977,0.06999999999999318,0.4099999999999966,0.47999999999998977,0.8976635514018698
"Nov 02, 2020",176.25,176.36,175.9,176.24,530.00K,0.05%,0.46000000000000796,0.21000000000000796,0.25,0.46000000000000796,0.8956279069767449
"Nov 03, 2020",176.29,176.37,175.82,176.02,584.73K,-0.12%,0.5500000000000114,0.12999999999999545,0.4200000000000159,0.5500000000000114,0.8940277777777785
"Nov 04, 2020",175.71,176.83,175.53,176.4,787.73K,0.22%,1.3000000000000114,0.8100000000000023,0.4900000000000091,1.3000000000000114,0.8958986175115216
"Nov 05, 2020",176.52,176.65,176.09,176.33,616.56K,-0.04%,0.5600000000000023,0.25,0.3100000000000023,0.5600000000000023,0.8943577981651384
"Nov 06, 2020",176.42,176.49,175.86,176.03,591.31K,-0.17%,0.6299999999999955,0.1599999999999966,0.46999999999999886,0.6299999999999955,0.8931506849315076
"Nov 09, 2020",176.09,176.46,174.26,174.36,1.19M,-0.95%,2.200000000000017,0.4300000000000068,1.7700000000000102,2.200000000000017,0.8990909090909099
"Nov 10, 2020",174.54,174.63,173.92,174.02,994.34K,-0.19%,0.710000000000008,0.2699999999999818,0.44000000000002615,0.710000000000008,0.8982352941176479
"Nov 11, 2020",174.01,174.5,173.66,174.3,653.88K,0.16%,0.8400000000000034,0.47999999999998977,0.36000000000001364,0.8400000000000034,0.8979729729729738
"Nov 12, 2020",174.42,174.97,174.26,174.74,665.82K,0.25%,0.710000000000008,0.6699999999999875,0.040000000000020464,0.710000000000008,0.8971300448430503
"Nov 13, 2020",174.91,175.17,174.78,174.94,512.60K,0.11%,0.38999999999998636,0.4299999999999784,0.03999999999999204,0.4299999999999784,0.8950446428571437
"Nov 16, 2020",174.94,175.29,174.45,174.93,675.21K,-0.01%,0.8400000000000034,0.3499999999999943,0.4900000000000091,0.8400000000000034,0.8948000000000008
"Nov 17, 2020",174.94,175.27,174.85,175.18,526.43K,0.14%,0.4200000000000159,0.3400000000000034,0.0800000000000125,0.4200000000000159,0.8926991150442487
"Nov 18, 2020",175.28,175.46,174.91,175.12,526.04K,-0.03%,0.5500000000000114,0.28000000000000114,0.27000000000001023,0.5500000000000114,0.8911894273127763
"Nov 19, 2020",175.2,175.41,175.1,175.33,521.65K,0.12%,0.3100000000000023,0.28999999999999204,0.020000000000010232,0.3100000000000023,0.888640350877194
"Nov 20, 2020",175.45,175.73,175.25,175.53,512.29K,0.11%,0.47999999999998977,0.39999999999997726,0.0800000000000125,0.47999999999998977,0.8868558951965074
"Nov 23, 2020",175.7,175.71,175.26,175.41,552.78K,-0.07%,0.45000000000001705,0.18000000000000682,0.27000000000001023,0.45000000000001705,0.8849565217391314
"Nov 24, 2020",175.37,175.47,175.12,175.26,520.86K,-0.09%,0.3499999999999943,0.060000000000002274,0.28999999999999204,0.3499999999999943,0.8826406926406936
"Nov 25, 2020",175.1,175.46,174.96,175.33,507.15K,0.04%,0.5,0.20000000000001705,0.29999999999998295,0.5,0.8809913793103458
"Nov 26, 2020",175.18,175.59,175.16,175.51,333.13K,0.10%,0.4300000000000068,0.2599999999999909,0.17000000000001592,0.4300000000000068,0.8790557939914172
"Nov 27, 2020",175.59,175.65,175.41,175.5,360.72K,-0.01%,0.2400000000000091,0.14000000000001478,0.09999999999999432,0.2400000000000091,0.8763247863247873
"Nov 30, 2020",175.63,175.72,175.21,175.25,744.76K,-0.14%,0.5099999999999909,0.21999999999999886,0.28999999999999204,0.5099999999999909,0.8747659574468094
"Dec 01, 2020",175.32,175.45,174.47,174.56,1.19M,-0.39%,0.9799999999999898,0.19999999999998863,0.7800000000000011,0.9799999999999898,0.8752118644067806
"Dec 02, 2020",174.56,174.69,174.37,174.48,1.14M,-0.05%,0.3199999999999932,0.12999999999999545,0.18999999999999773,0.3199999999999932,0.8728691983122372
"Dec 03, 2020",174.63,175.18,174.56,174.94,1.33M,0.26%,0.6200000000000045,0.700000000000017,0.0800000000000125,0.700000000000017,0.8721428571428581
"Dec 04, 2020",175.15,175.22,174.81,174.82,756.78K,-0.07%,0.4099999999999966,0.28000000000000114,0.12999999999999545,0.4099999999999966,0.8702092050209214
"Dec 07, 2020",175.03,175.51,175.03,175.41,128.89K,0.34%,0.47999999999998977,0.6899999999999977,0.21000000000000796,0.6899999999999977,0.8694583333333342
"Dec 08, 2020",175.37,175.61,175.35,175.43,16.39K,0.01%,0.2600000000000193,0.20000000000001705,0.060000000000002274,0.2600000000000193,0.8669294605809138
"Dec 09, 2020",178.08,178.3,177.91,178.19,418.76K,1.57%,0.3900000000000148,2.8700000000000045,2.4799999999999898,2.8700000000000045,0.8752066115702489
"Dec 10, 2020",178.3,178.55,177.77,178.08,704.19K,-0.06%,0.7800000000000011,0.36000000000001364,0.4199999999999875,0.7800000000000011,0.8748148148148158
"Dec 11, 2020",178.27,178.77,178.17,178.68,561.97K,0.34%,0.6000000000000227,0.6899999999999977,0.08999999999997499,0.6899999999999977,0.8740573770491813
"Dec 14, 2020",178.37,178.56,178.13,178.42,444.21K,-0.15%,0.4300000000000068,0.12000000000000455,0.5500000000000114,0.5500000000000114,0.872734693877552
"Dec 15, 2020",178.37,178.57,178.17,178.27,440.33K,-0.08%,0.4000000000000057,0.15000000000000568,0.25,0.4000000000000057,0.8708130081300823
"Dec 16, 2020",178.28,178.31,177.27,177.55,691.25K,-0.40%,1.039999999999992,0.03999999999999204,1.0,1.039999999999992,0.8714979757085031
"Dec 17, 2020",177.6,177.98,177.34,177.69,519.60K,0.08%,0.6399999999999864,0.4299999999999784,0.21000000000000796,0.6399999999999864,0.8705645161290332
"Dec 18, 2020",177.74,177.85,177.28,177.66,416.57K,-0.02%,0.5699999999999932,0.1599999999999966,0.4099999999999966,0.5699999999999932,0.8693574297188764
"Dec 21, 2020",177.83,178.44,177.61,177.86,520.42K,0.11%,0.8299999999999841,0.7800000000000011,0.04999999999998295,0.8299999999999841,0.8692000000000009
"Dec 22, 2020",177.7,178.09,177.63,177.93,344.00K,0.04%,0.46000000000000796,0.22999999999998977,0.2300000000000182,0.46000000000000796,0.8675697211155388
"Dec 23, 2020",178.07,178.18,177.01,177.07,507.28K,-0.48%,1.170000000000016,0.25,0.9200000000000159,1.170000000000016,0.8687698412698422
"Dec 24, 2020",177.36,177.36,177.36,177.36,-,0.16%,0.0,0.29000000000002046,0.29000000000002046,0.29000000000002046,0.8664822134387362
"Dec 28, 2020",177.35,177.77,177.17,177.39,195.97K,0.02%,0.6000000000000227,0.4099999999999966,0.19000000000002615,0.6000000000000227,0.8654330708661429
"Dec 29, 2020",177.6,177.75,177.52,177.7,265.00K,0.17%,0.22999999999998977,0.36000000000001364,0.13000000000002387,0.36000000000001364,0.863450980392158
"Dec 30, 2020",177.73,177.84,177.27,177.64,306.91K,-0.03%,0.5699999999999932,0.14000000000001478,0.4299999999999784,0.5699999999999932,0.8623046875000011
"Dec 31, 2020",177.84,177.84,177.84,177.84,-,0.11%,0.0,0.20000000000001705,0.20000000000001705,0.20000000000001705,0.8597276264591451
"Jan 04, 2021",177.78,178.37,177.52,178.12,695.84K,0.16%,0.8499999999999943,0.5300000000000011,0.3199999999999932,0.8499999999999943,0.8596899224806213
"Jan 05, 2021",178.22,178.27,177.71,177.9,613.78K,-0.12%,0.5600000000000023,0.15000000000000568,0.4099999999999966,0.5600000000000023,0.8585328185328197
"Jan 06, 2021",177.85,177.85,177.02,177.37,842.16K,-0.30%,0.8299999999999841,0.05000000000001137,0.8799999999999955,0.8799999999999955,0.8586153846153858
"Jan 07, 2021",177.47,177.69,177.17,177.25,792.79K,-0.07%,0.5200000000000102,0.3199999999999932,0.20000000000001705,0.5200000000000102,0.8573180076628364
"Jan 08, 2021",177.33,177.53,177.16,177.3,542.40K,0.03%,0.37000000000000455,0.28000000000000114,0.09000000000000341,0.37000000000000455,0.8554580152671768
"Jan 11, 2021",177.28,177.55,176.84,176.93,739.76K,-0.21%,0.710000000000008,0.25,0.46000000000000796,0.710000000000008,0.8549049429657807
"Jan 12, 2021",176.83,176.87,176.34,176.44,904.00K,-0.28%,0.5300000000000011,0.060000000000002274,0.5900000000000034,0.5900000000000034,0.8539015151515164
"Jan 13, 2021",176.84,177.6,176.72,177.36,989.43K,0.52%,0.8799999999999955,1.1599999999999966,0.28000000000000114,1.1599999999999966,0.855056603773586
"Jan 14, 2021",177.49,177.96,177.32,177.84,748.88K,0.27%,0.6400000000000148,0.5999999999999943,0.040000000000020464,0.6400000000000148,0.8542481203007531
"Jan 15, 2021",177.65,177.94,177.5,177.66,547.66K,-0.10%,0.4399999999999977,0.09999999999999432,0.3400000000000034,0.4399999999999977,0.8526966292134843
"Jan 18, 2021",177.71,177.81,177.24,177.37,432.30K,-0.16%,0.5699999999999932,0.15000000000000568,0.4199999999999875,0.5699999999999932,0.8516417910447773
"Jan 19, 2021",177.31,177.45,177.1,177.4,720.92K,0.02%,0.3499999999999943,0.07999999999998408,0.27000000000001023,0.3499999999999943,0.8497769516728636
"Jan 20, 2021",177.33,177.5,177.25,177.45,506.83K,0.03%,0.25,0.09999999999999432,0.15000000000000568,0.25,0.8475555555555567
"Jan 21, 2021",177.41,177.56,176.74,176.8,860.43K,-0.37%,0.8199999999999932,0.11000000000001364,0.7099999999999795,0.8199999999999932,0.8474538745387465
"Jan 22, 2021",176.76,177.27,176.63,177.16,643.50K,0.20%,0.6400000000000148,0.46999999999999886,0.17000000000001592,0.6400000000000148,0.8466911764705894
"Jan 25, 2021",177.13,177.88,177.12,177.83,675.95K,0.38%,0.7599999999999909,0.7199999999999989,0.03999999999999204,0.7599999999999909,0.8463736263736276
"Jan 26, 2021",177.82,177.96,177.45,177.52,617.11K,-0.17%,0.5100000000000193,0.12999999999999545,0.3800000000000239,0.5100000000000193,0.845145985401461
"Jan 27, 2021",177.56,178.12,177.39,177.79,863.82K,0.15%,0.7300000000000182,0.5999999999999943,0.13000000000002387,0.7300000000000182,0.844727272727274
"Jan 28, 2021",177.64,177.96,177.46,177.77,701.49K,-0.01%,0.5,0.17000000000001592,0.3299999999999841,0.5,0.8434782608695665
"Jan 29, 2021",177.58,177.66,176.89,177.25,1.15M,-0.29%,0.7700000000000102,0.11000000000001364,0.8800000000000239,0.8800000000000239,0.8436101083032504
"Feb 01, 2021",177.36,177.42,176.97,177.22,635.89K,-0.02%,0.44999999999998863,0.1699999999999875,0.28000000000000114,0.44999999999998863,0.8421942446043179
"Feb 02, 2021",177.13,177.23,176.63,176.75,876.69K,-0.27%,0.5999999999999943,0.009999999999990905,0.5900000000000034,0.5999999999999943,0.8413261648745533
"Feb 03, 2021",176.6,176.7,176.35,176.47,761.77K,-0.16%,0.3499999999999943,0.05000000000001137,0.4000000000000057,0.4000000000000057,0.8397500000000013
"Feb 04, 2021",176.35,176.57,176.1,176.32,848.30K,-0.08%,0.46999999999999886,0.09999999999999432,0.37000000000000455,0.46999999999999886,0.8384341637010689
"Feb 05, 2021",176.28,176.48,175.63,176.17,977.99K,-0.09%,0.8499999999999943,0.1599999999999966,0.6899999999999977,0.8499999999999943,0.8384751773049658
"Feb 08, 2021",175.96,176.23,175.61,176.12,643.91K,-0.03%,0.6199999999999761,0.060000000000002274,0.5599999999999739,0.6199999999999761,0.8377031802120153
"Feb 09, 2021",176.1,176.36,175.92,176.21,765.00K,0.05%,0.44000000000002615,0.2400000000000091,0.20000000000001705,0.44000000000002615,0.8363028169014097
"Feb 10, 2021",176.07,176.38,175.94,176.1,688.20K,-0.06%,0.4399999999999977,0.1699999999999875,0.27000000000001023,0.4399999999999977,0.8349122807017556
"Feb 11, 2021",176.27,176.64,176.24,176.43,656.53K,0.19%,0.39999999999997726,0.539999999999992,0.14000000000001478,0.539999999999992,0.8338811188811202
"Feb 12, 2021",176.39,176.53,175.77,175.97,758.70K,-0.26%,0.7599999999999909,0.09999999999999432,0.6599999999999966,0.7599999999999909,0.8336236933797921
"Feb 15, 2021",175.65,175.7,175.15,175.23,670.34K,-0.42%,0.549999999999983,0.27000000000001023,0.8199999999999932,0.8199999999999932,0.8335763888888901
"Feb 16, 2021",175.24,175.45,174.49,174.8,1.05M,-0.25%,0.9599999999999795,0.21999999999999886,0.7399999999999807,0.9599999999999795,0.8340138408304509
"Feb 17, 2021",174.45,175.14,174.38,175.04,1.15M,0.14%,0.7599999999999909,0.339999999999975,0.4200000000000159,0.7599999999999909,0.8337586206896562
"Feb 18, 2021",175.12,175.26,174.38,174.68,1.02M,-0.21%,0.8799999999999955,0.21999999999999886,0.6599999999999966,0.8799999999999955,0.8339175257731969
"Feb 19, 2021",174.64,174.7,173.98,174.18,944.86K,-0.29%,0.7199999999999989,0.01999999999998181,0.700000000000017,0.7199999999999989,0.833527397260275
"Feb 22, 2021",173.95,175.02,173.58,174.72,1.27M,0.31%,1.4399999999999977,0.8400000000000034,0.5999999999999943,1.4399999999999977,0.8355972696245744
"Feb 23, 2021",174.57,174.65,173.82,174.35,1.18M,-0.21%,0.8300000000000125,0.06999999999999318,0.9000000000000057,0.9000000000000057,0.8358163265306132
"Feb 24, 2021",174.49,174.57,173.65,174.04,1.15M,-0.18%,0.9199999999999875,0.21999999999999886,0.6999999999999886,0.9199999999999875,0.8361016949152552
"Feb 25, 2021",174.21,174.25,172.08,173.06,1.70M,-0.56%,2.1699999999999875,0.21000000000000796,1.9599999999999795,2.1699999999999875,0.840608108108109
"Feb 26, 2021",172.11,173.91,172.11,173.4,1.50M,0.20%,1.799999999999983,0.8499999999999943,0.9499999999999886,1.799999999999983,0.8438383838383847
"Mar 01, 2021",174.02,174.75,173.77,174.56,1.15M,0.67%,0.9799999999999898,1.3499999999999943,0.37000000000000455,1.3499999999999943,0.8455369127516787
"Mar 02, 2021",174.75,174.93,174.14,174.67,1.42M,0.06%,0.7900000000000205,0.37000000000000455,0.4200000000000159,0.7900000000000205,0.8453511705685628
"Mar 03, 2021",174.93,174.97,173.75,173.95,1.44M,-0.41%,1.2199999999999989,0.30000000000001137,0.9199999999999875,1.2199999999999989,0.8466000000000009
"Mar 04, 2021",173.79,174.51,173.71,174.27,938.86K,0.18%,0.799999999999983,0.5600000000000023,0.23999999999998067,0.799999999999983,0.8464451827242534
"Mar 05, 2021",173.69,174.28,173.63,174.0,209.17K,-0.15%,0.6500000000000057,0.009999999999990905,0.6400000000000148,0.6500000000000057,0.8457947019867559
"Mar 08, 2021",173.95,174.0,173.71,174.01,15.50K,0.01%,0.28999999999999204,0.0,0.28999999999999204,0.28999999999999204,0.8439603960396048
"Mar 09, 2021",170.93,171.7,170.83,171.23,740.72K,-1.60%,0.8699999999999761,2.3100000000000023,3.1799999999999784,3.1799999999999784,0.851644736842106
"Mar 10, 2021",171.38,171.53,171.07,171.32,588.85K,0.05%,0.46000000000000796,0.30000000000001137,0.1599999999999966,0.46000000000000796,0.8503606557377057
"Mar 11, 2021",171.43,172.2,171.3,171.64,986.92K,0.19%,0.8999999999999773,0.8799999999999955,0.01999999999998181,0.8999999999999773,0.8505228758169942
"Mar 12, 2021",171.62,171.65,171.05,171.12,733.60K,-0.30%,0.5999999999999943,0.010000000000019327,0.589999999999975,0.5999999999999943,0.8497068403908803
"Mar 15, 2021",171.32,171.87,171.2,171.78,653.50K,0.39%,0.6700000000000159,0.75,0.07999999999998408,0.75,0.8493831168831176
"Mar 16, 2021",171.77,172.0,171.64,171.78,689.01K,0.00%,0.36000000000001364,0.21999999999999886,0.14000000000001478,0.36000000000001364,0.8477993527508099
"Mar 17, 2021",171.68,171.8,170.98,171.08,817.35K,-0.41%,0.8200000000000216,0.020000000000010232,0.8000000000000114,0.8200000000000216,0.8477096774193557
"Mar 18, 2021",171.44,171.47,170.52,170.72,960.18K,-0.21%,0.9499999999999886,0.38999999999998636,0.5600000000000023,0.9499999999999886,0.848038585209004
"Mar 19, 2021",170.96,171.43,170.93,171.22,664.88K,0.29%,0.5,0.710000000000008,0.21000000000000796,0.710000000000008,0.8475961538461547
"Mar 22, 2021",171.3,171.8,171.23,171.49,584.36K,0.16%,0.5700000000000216,0.5800000000000125,0.009999999999990905,0.5800000000000125,0.8467412140575088
"Mar 23, 2021",171.54,172.17,171.42,171.92,775.98K,0.25%,0.75,0.6799999999999784,0.0700000000000216,0.75,0.8464331210191091
"Mar 24, 2021",172.19,172.44,171.93,172.17,700.32K,0.15%,0.5099999999999909,0.5200000000000102,0.010000000000019327,0.5200000000000102,0.8453968253968264
"Mar 25, 2021",172.3,172.66,172.15,172.58,641.25K,0.24%,0.5099999999999909,0.4900000000000091,0.01999999999998181,0.5099999999999909,0.8443354430379756
"Mar 26, 2021",172.56,172.58,171.91,172.12,628.46K,-0.27%,0.6700000000000159,0.0,0.6700000000000159,0.6700000000000159,0.8437854889589913
"Mar 29, 2021",172.08,172.34,171.45,171.62,623.82K,-0.29%,0.8900000000000148,0.21999999999999886,0.6700000000000159,0.8900000000000148,0.8439308176100638
"Mar 30, 2021",171.53,171.56,170.71,171.0,932.15K,-0.36%,0.8499999999999943,0.060000000000002274,0.9099999999999966,0.9099999999999966,0.8441379310344838
"Mar 31, 2021",171.14,171.4,170.88,171.28,771.11K,0.16%,0.5200000000000102,0.4000000000000057,0.12000000000000455,0.5200000000000102,0.8431250000000009
"Apr 01, 2021",171.1,171.86,171.07,171.83,571.20K,0.32%,0.7900000000000205,0.5800000000000125,0.21000000000000796,0.7900000000000205,0.8429595015576333
"Apr 02, 2021",171.73,171.73,171.73,171.73,-,-0.06%,0.0,0.10000000000002274,0.10000000000002274,0.10000000000002274,0.8406521739130445
"Apr 06, 2021",171.55,171.89,171.32,171.68,595.43K,-0.03%,0.5699999999999932,0.1599999999999966,0.4099999999999966,0.5699999999999932,0.8398142414860691
"Apr 07, 2021",171.67,172.06,171.6,171.67,666.40K,-0.01%,0.46000000000000796,0.37999999999999545,0.0800000000000125,0.46000000000000796,0.8386419753086432
"Apr 08, 2021",171.67,172.12,171.63,171.89,573.51K,0.13%,0.4900000000000091,0.45000000000001705,0.03999999999999204,0.4900000000000091,0.837569230769232
"Apr 09, 2021",171.98,172.07,171.15,171.37,734.48K,-0.30%,0.9199999999999875,0.18000000000000682,0.7399999999999807,0.9199999999999875,0.8378220858895716
"Apr 12, 2021",171.25,171.87,171.23,171.3,664.71K,-0.04%,0.6400000000000148,0.5,0.14000000000001478,0.6400000000000148,0.837217125382264
"Apr 13, 2021",171.22,171.54,170.98,171.26,852.16K,-0.02%,0.5600000000000023,0.23999999999998067,0.3200000000000216,0.5600000000000023,0.8363719512195134
"Apr 14, 2021",171.57,171.62,170.66,170.87,748.30K,-0.23%,0.960000000000008,0.36000000000001364,0.5999999999999943,0.960000000000008,0.8367477203647428
"Apr 15, 2021",170.66,171.52,170.6,171.33,775.72K,0.27%,0.9200000000000159,0.6500000000000057,0.27000000000001023,0.9200000000000159,0.8370000000000012
"Apr 16, 2021",171.28,171.31,170.77,170.91,647.84K,-0.25%,0.539999999999992,0.020000000000010232,0.5600000000000023,0.5600000000000023,0.8361631419939588
"Apr 19, 2021",170.94,171.07,170.17,170.48,819.39K,-0.25%,0.9000000000000057,0.1599999999999966,0.7400000000000091,0.9000000000000057,0.8363554216867483
"Apr 20, 2021",170.38,170.93,170.09,170.74,820.26K,0.15%,0.8400000000000034,0.45000000000001705,0.38999999999998636,0.8400000000000034,0.8363663663663675
"Apr 21, 2021",170.82,171.12,170.61,170.88,697.04K,0.08%,0.5099999999999909,0.37999999999999545,0.12999999999999545,0.5099999999999909,0.8353892215568873
"Apr 22, 2021",171.02,171.27,170.53,170.94,845.85K,0.04%,0.7400000000000091,0.3900000000000148,0.3499999999999943,0.7400000000000091,0.8351044776119415
"Apr 23, 2021",171.02,171.13,170.67,170.83,617.36K,-0.06%,0.46000000000000796,0.18999999999999773,0.27000000000001023,0.46000000000000796,0.8339880952380964
"Apr 26, 2021",170.75,170.95,170.46,170.83,576.13K,0.00%,0.4899999999999807,0.11999999999997613,0.37000000000000455,0.4899999999999807,0.8329673590504463
"Apr 27, 2021",170.75,170.91,170.51,170.76,564.46K,-0.04%,0.4000000000000057,0.07999999999998408,0.3200000000000216,0.4000000000000057,0.8316863905325454
"Apr 28, 2021",170.59,170.67,170.04,170.48,803.04K,-0.16%,0.6299999999999955,0.09000000000000341,0.7199999999999989,0.7199999999999989,0.8313569321533935
"Apr 29, 2021",170.61,170.64,169.66,169.88,929.25K,-0.35%,0.9799999999999898,0.1599999999999966,0.8199999999999932,0.9799999999999898,0.83179411764706
"Apr 30, 2021",169.79,170.19,169.77,170.0,746.52K,0.07%,0.4199999999999875,0.3100000000000023,0.10999999999998522,0.4199999999999875,0.8305865102639307
"May 03, 2021",169.98,170.34,169.47,170.16,611.31K,0.09%,0.8700000000000045,0.3400000000000034,0.5300000000000011,0.8700000000000045,0.8307017543859659
"May 04, 2021",170.15,170.8,169.89,170.66,877.24K,0.29%,0.910000000000025,0.6400000000000148,0.27000000000001023,0.910000000000025,0.8309329446064151
"May 05, 2021",170.62,170.64,170.2,170.47,705.69K,-0.11%,0.4399999999999977,0.020000000000010232,0.46000000000000796,0.46000000000000796,0.8298546511627918
"May 06, 2021",170.57,170.88,170.23,170.59,823.07K,0.07%,0.6500000000000057,0.4099999999999966,0.2400000000000091,0.6500000000000057,0.8293333333333345
"May 07, 2021",170.43,170.98,170.2,170.47,1.00M,-0.07%,0.7800000000000011,0.38999999999998636,0.3900000000000148,0.7800000000000011,0.8291907514450879
"May 10, 2021",170.18,170.32,169.97,170.29,561.91K,-0.11%,0.3499999999999943,0.15000000000000568,0.5,0.5,0.8282420749279551
"May 11, 2021",170.13,170.25,169.39,169.45,997.63K,-0.49%,0.8600000000000136,0.03999999999999204,0.9000000000000057,0.9000000000000057,0.8284482758620701
"May 12, 2021",169.42,169.77,168.83,168.94,964.25K,-0.30%,0.9399999999999977,0.3200000000000216,0.6199999999999761,0.9399999999999977,0.8287679083094568
"May 13, 2021",168.8,169.08,168.59,168.89,801.72K,-0.03%,0.4900000000000091,0.14000000000001478,0.3499999999999943,0.4900000000000091,0.8278000000000012
"May 14, 2021",169.02,169.21,168.77,168.98,739.61K,0.05%,0.4399999999999977,0.3200000000000216,0.11999999999997613,0.4399999999999977,0.8266951566951579
"May 17, 2021",169.13,169.35,168.67,168.86,778.72K,-0.07%,0.6800000000000068,0.37000000000000455,0.3100000000000023,0.6800000000000068,0.8262784090909103
"May 18, 2021",168.83,169.14,168.69,168.82,842.70K,-0.02%,0.44999999999998863,0.2799999999999727,0.17000000000001592,0.44999999999998863,0.8252124645892362
"May 19, 2021",168.76,169.12,168.29,168.9,1.01M,0.05%,0.8300000000000125,0.30000000000001137,0.5300000000000011,0.8300000000000125,0.8252259887005663
"May 20, 2021",168.63,168.92,168.48,168.84,705.69K,-0.04%,0.4399999999999977,0.01999999999998181,0.4200000000000159,0.4399999999999977,0.8241408450704236
"May 21, 2021",168.82,169.31,168.75,169.14,770.58K,0.18%,0.5600000000000023,0.46999999999999886,0.09000000000000341,0.5600000000000023,0.8233988764044956
"May 24, 2021",169.18,169.41,169.02,169.32,465.55K,0.11%,0.38999999999998636,0.27000000000001023,0.11999999999997613,0.38999999999998636,0.8221848739495811
"May 25, 2021",169.37,169.92,169.29,169.69,819.33K,0.22%,0.6299999999999955,0.5999999999999943,0.030000000000001137,0.6299999999999955,0.8216480446927387
"May 26, 2021",169.88,170.4,169.69,170.29,872.00K,0.35%,0.710000000000008,0.710000000000008,0.0,0.710000000000008,0.8213370473537616
"May 27, 2021",170.3,170.38,169.68,169.79,784.83K,-0.29%,0.6999999999999886,0.09000000000000341,0.6099999999999852,0.6999999999999886,0.8210000000000011
"May 28, 2021",169.81,170.08,169.53,169.94,731.71K,0.09%,0.5500000000000114,0.29000000000002046,0.2599999999999909,0.5500000000000114,0.8202493074792255
"May 31, 2021",169.87,170.08,169.48,169.94,487.14K,0.00%,0.6000000000000227,0.14000000000001478,0.46000000000000796,0.6000000000000227,0.8196408839779018
"Jun 01, 2021",170.06,170.15,169.68,169.83,1.18M,-0.06%,0.46999999999999886,0.21000000000000796,0.2599999999999909,0.46999999999999886,0.8186776859504143
"Jun 02, 2021",169.92,170.2,169.88,170.15,1.33M,0.19%,0.3199999999999932,0.3699999999999761,0.04999999999998295,0.3699999999999761,0.817445054945056
"Jun 03, 2021",170.17,170.2,169.81,169.94,1.17M,-0.12%,0.38999999999998636,0.04999999999998295,0.3400000000000034,0.38999999999998636,0.8162739726027408
"Jun 04, 2021",169.9,170.43,169.84,170.33,753.54K,0.23%,0.5900000000000034,0.4900000000000091,0.09999999999999432,0.5900000000000034,0.8156557377049192
"Jun 07, 2021",170.29,170.4,170.05,170.12,156.25K,-0.12%,0.3499999999999943,0.06999999999999318,0.28000000000000114,0.3499999999999943,0.8143869209809275
"Jun 08, 2021",170.15,170.35,170.09,170.23,16.19K,0.06%,0.2599999999999909,0.22999999999998977,0.030000000000001137,0.2599999999999909,0.8128804347826097
"Jun 09, 2021",172.11,172.85,172.08,172.56,715.68K,1.37%,0.7699999999999818,2.6200000000000045,1.8500000000000227,2.6200000000000045,0.8177777777777788
"Jun 10, 2021",172.55,172.88,171.97,172.53,796.97K,-0.02%,0.9099999999999966,0.3199999999999932,0.5900000000000034,0.9099999999999966,0.8180270270270281
"Jun 11, 2021",172.87,173.16,172.79,172.88,570.97K,0.20%,0.37000000000000455,0.6299999999999955,0.2599999999999909,0.6299999999999955,0.8175202156334243
"Jun 14, 2021",172.91,173.04,172.52,172.64,440.45K,-0.14%,0.5199999999999818,0.1599999999999966,0.3599999999999852,0.5199999999999818,0.8167204301075279
"Jun 15, 2021",172.62,172.8,172.25,172.32,686.03K,-0.19%,0.5500000000000114,0.160000000000025,0.38999999999998636,0.5500000000000114,0.8160053619302958
"Jun 16, 2021",172.3,172.66,171.91,172.53,555.13K,0.12%,0.75,0.3400000000000034,0.4099999999999966,0.75,0.8158288770053486
"Jun 17, 2021",171.97,172.7,171.8,172.44,802.66K,-0.05%,0.8999999999999773,0.1699999999999875,0.7299999999999898,0.8999999999999773,0.8160533333333342
"Jun 18, 2021",172.47,172.88,172.36,172.6,826.46K,0.09%,0.5199999999999818,0.4399999999999977,0.07999999999998408,0.5199999999999818,0.8152659574468093
"Jun 21, 2021",172.69,173.03,171.93,172.16,770.50K,-0.25%,1.0999999999999943,0.4300000000000068,0.6699999999999875,1.0999999999999943,0.816021220159152
"Jun 22, 2021",172.12,172.2,171.67,171.95,677.71K,-0.12%,0.5300000000000011,0.03999999999999204,0.4900000000000091,0.5300000000000011,0.815264550264551
"Jun 23, 2021",172.02,172.46,171.76,172.17,686.92K,0.13%,0.700000000000017,0.5100000000000193,0.18999999999999773,0.700000000000017,0.8149604221635893
"Jun 24, 2021",172.21,172.39,171.88,172.33,573.16K,0.09%,0.5099999999999909,0.21999999999999886,0.28999999999999204,0.5099999999999909,0.814157894736843
"Jun 25, 2021",172.24,172.3,171.68,171.77,551.49K,-0.32%,0.6200000000000045,0.030000000000001137,0.6500000000000057,0.6500000000000057,0.8137270341207358
"Jun 28, 2021",171.79,172.34,171.71,172.26,496.38K,0.29%,0.6299999999999955,0.5699999999999932,0.060000000000002274,0.6299999999999955,0.8132460732984301
"Jun 29, 2021",172.25,172.33,171.86,172.07,666.53K,-0.11%,0.46999999999999886,0.0700000000000216,0.39999999999997726,0.46999999999999886,0.812349869451698
"Jun 30, 2021",172.13,172.74,171.98,172.61,724.06K,0.31%,0.7600000000000193,0.6700000000000159,0.09000000000000341,0.7600000000000193,0.8122135416666675
"Jul 01, 2021",172.5,172.69,172.22,172.54,666.57K,-0.04%,0.46999999999999886,0.07999999999998408,0.3900000000000148,0.46999999999999886,0.8113246753246762
"Jul 02, 2021",172.62,173.19,172.54,173.09,692.35K,0.32%,0.6500000000000057,0.6500000000000057,0.0,0.6500000000000057,0.8109067357512962
"Jul 05, 2021",173.12,173.18,172.65,172.7,344.34K,-0.23%,0.5300000000000011,0.09000000000000341,0.4399999999999977,0.5300000000000011,0.8101808785529725
"Jul 06, 2021",172.72,173.65,172.49,173.6,753.36K,0.52%,1.1599999999999966,0.950000000000017,0.20999999999997954,1.1599999999999966,0.8110824742268051
"Jul 07, 2021",173.6,174.27,173.46,174.02,782.43K,0.24%,0.8100000000000023,0.6700000000000159,0.13999999999998636,0.8100000000000023,0.8110796915167103
"Jul 08, 2021",174.16,174.77,174.09,174.34,892.13K,0.18%,0.6800000000000068,0.75,0.06999999999999318,0.75,0.8109230769230777
"Jul 09, 2021",174.16,174.32,173.87,173.9,552.53K,-0.25%,0.44999999999998863,0.020000000000010232,0.46999999999999886,0.46999999999999886,0.8100511508951416
"Jul 12, 2021",173.91,174.32,173.91,174.05,456.60K,0.09%,0.4099999999999966,0.4199999999999875,0.009999999999990905,0.4199999999999875,0.8090561224489804
"Jul 13, 2021",174.05,174.31,173.7,174.12,802.45K,0.04%,0.6100000000000136,0.2599999999999909,0.35000000000002274,0.6100000000000136,0.8085496183206116
"Jul 14, 2021",173.72,174.49,173.7,174.34,612.53K,0.13%,0.7900000000000205,0.37000000000000455,0.4200000000000159,0.7900000000000205,0.808502538071067
"Jul 15, 2021",174.55,174.9,174.45,174.58,623.77K,0.14%,0.45000000000001705,0.5600000000000023,0.10999999999998522,0.5600000000000023,0.8078734177215199
"Jul 16, 2021",174.86,175.04,174.65,174.87,451.48K,0.17%,0.38999999999998636,0.45999999999997954,0.06999999999999318,0.45999999999997954,0.8069949494949504
"Jul 19, 2021",175.15,175.72,175.02,175.52,742.94K,0.37%,0.6999999999999886,0.8499999999999943,0.15000000000000568,0.8499999999999943,0.8071032745591948
"Jul 20, 2021",175.48,176.28,175.41,175.85,912.58K,0.19%,0.8700000000000045,0.7599999999999909,0.11000000000001364,0.8700000000000045,0.8072613065326643
"Jul 21, 2021",175.77,176.11,175.41,175.53,755.38K,-0.18%,0.700000000000017,0.2600000000000193,0.4399999999999977,0.700000000000017,0.8069924812030084
"Jul 22, 2021",175.54,176.15,175.24,175.94,695.78K,0.23%,0.9099999999999966,0.6200000000000045,0.28999999999999204,0.9099999999999966,0.8072500000000009
"Jul 23, 2021",175.9,175.97,175.56,175.81,476.08K,-0.07%,0.4099999999999966,0.030000000000001137,0.37999999999999545,0.4099999999999966,0.8062593516209486
"Jul 26, 2021",176.0,176.42,175.62,175.83,541.47K,0.01%,0.799999999999983,0.6099999999999852,0.18999999999999773,0.799999999999983,0.8062437810945282
"Jul 27, 2021",175.88,176.37,175.82,176.26,503.70K,0.24%,0.5500000000000114,0.539999999999992,0.010000000000019327,0.5500000000000114,0.8056079404466511
"Jul 28, 2021",176.27,176.66,176.2,176.41,628.19K,0.09%,0.46000000000000796,0.4000000000000057,0.060000000000002274,0.46000000000000796,0.8047524752475256
"Jul 29, 2021",176.57,176.67,176.03,176.44,594.92K,0.02%,0.6399999999999864,0.2599999999999909,0.37999999999999545,0.6399999999999864,0.8043456790123465
"Jul 30, 2021",176.54,176.73,176.29,176.57,584.90K,0.07%,0.4399999999999977,0.28999999999999204,0.15000000000000568,0.4399999999999977,0.8034482758620699
"Aug 02, 2021",176.55,177.07,176.35,176.82,504.55K,0.14%,0.7199999999999989,0.5,0.21999999999999886,0.7199999999999989,0.8032432432432441
"Aug 03, 2021",176.82,177.12,176.67,176.97,459.06K,0.08%,0.45000000000001705,0.30000000000001137,0.15000000000000568,0.45000000000001705,0.802377450980393
"Aug 04, 2021",177.01,177.52,176.85,176.94,661.16K,-0.02%,0.6700000000000159,0.5500000000000114,0.12000000000000455,0.6700000000000159,0.8020537897310523
"Aug 05, 2021",177.16,177.61,177.05,177.29,561.19K,0.20%,0.5600000000000023,0.6700000000000159,0.11000000000001364,0.6700000000000159,0.8017317073170741
"Aug 06, 2021",177.2,177.27,176.47,176.5,580.95K,-0.45%,0.8000000000000114,0.01999999999998181,0.8199999999999932,0.8199999999999932,0.8017761557177626
"Aug 09, 2021",176.45,176.91,176.39,176.52,405.68K,0.01%,0.5200000000000102,0.4099999999999966,0.11000000000001364,0.5200000000000102,0.8010922330097098
"Aug 10, 2021",176.6,176.95,176.41,176.59,451.13K,0.04%,0.539999999999992,0.4299999999999784,0.11000000000001364,0.539999999999992,0.800460048426151
"Aug 11, 2021",176.55,176.83,176.21,176.57,579.58K,-0.01%,0.6200000000000045,0.2400000000000091,0.37999999999999545,0.6200000000000045,0.8000241545893729
"Aug 12, 2021",176.76,176.77,176.35,176.58,416.08K,0.01%,0.4200000000000159,0.20000000000001705,0.21999999999999886,0.4200000000000159,0.7991084337349409
"Aug 13, 2021",176.52,176.8,176.29,176.64,394.18K,0.03%,0.5100000000000193,0.21999999999999886,0.29000000000002046,0.5100000000000193,0.7984134615384626
"Aug 16, 2021",176.86,177.07,176.48,176.8,468.51K,0.09%,0.5900000000000034,0.4300000000000068,0.1599999999999966,0.5900000000000034,0.7979136690647494
"Aug 17, 2021",176.75,177.24,176.68,176.8,510.27K,0.00%,0.5600000000000023,0.4399999999999977,0.12000000000000455,0.5600000000000023,0.7973444976076565
"Aug 18, 2021",176.81,177.08,176.71,176.92,430.20K,0.07%,0.37000000000000455,0.28000000000000114,0.09000000000000341,0.37000000000000455,0.7963245823389031
"Aug 19, 2021",177.01,177.24,176.86,177.04,518.03K,0.07%,0.37999999999999545,0.3200000000000216,0.05999999999997385,0.37999999999999545,0.7953333333333343
"Aug 20, 2021",177.02,177.22,176.99,177.15,318.42K,0.06%,0.22999999999998977,0.18000000000000682,0.04999999999998295,0.22999999999998977,0.7939904988123526
"Aug 23, 2021",177.1,177.16,176.56,176.89,507.28K,-0.15%,0.5999999999999943,0.009999999999990905,0.5900000000000034,0.5999999999999943,0.7935308056872049
"Aug 24, 2021",176.93,177.08,176.66,176.83,518.08K,-0.03%,0.4200000000000159,0.19000000000002615,0.22999999999998977,0.4200000000000159,0.7926477541371169
"Aug 25, 2021",176.77,176.87,175.91,175.98,811.47K,-0.48%,0.960000000000008,0.03999999999999204,0.9200000000000159,0.960000000000008,0.7930424528301897
"Aug 26, 2021",175.91,176.14,175.71,175.93,736.49K,-0.03%,0.4299999999999784,0.1599999999999966,0.2699999999999818,0.4299999999999784,0.7921882352941186
"Aug 27, 2021",175.86,176.11,175.66,175.99,540.73K,0.03%,0.45000000000001705,0.18000000000000682,0.27000000000001023,0.45000000000001705,0.7913849765258226
"Aug 30, 2021",176.11,176.4,175.83,176.28,387.01K,0.16%,0.5699999999999932,0.4099999999999966,0.1599999999999966,0.5699999999999932,0.7908665105386428
"Aug 31, 2021",176.46,176.48,175.34,175.45,996.21K,-0.47%,1.1399999999999864,0.19999999999998863,0.9399999999999977,1.1399999999999864,0.7916822429906553
"Sep 01, 2021",175.35,175.5,174.98,175.23,1.14M,-0.13%,0.5200000000000102,0.05000000000001137,0.46999999999999886,0.5200000000000102,0.7910489510489521
"Sep 02, 2021",175.23,175.65,175.2,175.47,1.46M,0.14%,0.45000000000001705,0.4200000000000159,0.030000000000001137,0.45000000000001705,0.7902558139534894
"Sep 03, 2021",175.42,175.64,174.9,175.17,1.17M,-0.17%,0.7399999999999807,0.1699999999999875,0.5699999999999932,0.7399999999999807,0.7901392111368919
"Sep 06, 2021",175.09,175.27,174.9,175.25,512.63K,0.05%,0.37000000000000455,0.10000000000002274,0.2699999999999818,0.37000000000000455,0.7891666666666676
"Sep 07, 2021",175.1,175.18,174.36,174.49,186.56K,-0.43%,0.8199999999999932,0.06999999999999318,0.8899999999999864,0.8899999999999864,0.7893995381062365
"Sep 08, 2021",174.44,174.71,174.33,174.6,9.31K,0.06%,0.37999999999999545,0.21999999999999886,0.1599999999999966,0.37999999999999545,0.7884562211981576
"Sep 09, 2021",171.69,172.48,171.59,172.28,763.55K,-1.33%,0.8899999999999864,2.1200000000000045,3.009999999999991,3.009999999999991,0.7935632183908055
"Sep 10, 2021",172.44,172.46,171.71,171.88,521.58K,-0.23%,0.75,0.18000000000000682,0.5699999999999932,0.75,0.7934633027522945
"Sep 13, 2021",171.71,171.92,171.62,171.8,418.82K,-0.05%,0.29999999999998295,0.03999999999999204,0.2599999999999909,0.29999999999998295,0.7923340961098407
"Sep 14, 2021",171.7,172.12,171.33,171.91,807.83K,0.06%,0.789999999999992,0.3199999999999932,0.46999999999999886,0.789999999999992,0.7923287671232886
"Sep 15, 2021",171.86,172.07,171.34,171.57,727.41K,-0.20%,0.7299999999999898,0.1599999999999966,0.5699999999999932,0.7299999999999898,0.7921867881548984
"Sep 16, 2021",171.48,171.53,171.1,171.43,684.75K,-0.08%,0.4300000000000068,0.03999999999999204,0.46999999999999886,0.46999999999999886,0.7914545454545463
"Sep 17, 2021",171.2,171.32,170.81,171.0,675.36K,-0.25%,0.5099999999999909,0.11000000000001364,0.6200000000000045,0.6200000000000045,0.7910657596371891
"Sep 20, 2021",171.01,171.84,170.99,171.55,702.85K,0.32%,0.8499999999999943,0.8400000000000034,0.009999999999990905,0.8499999999999943,0.7911990950226253
"Sep 21, 2021",171.7,171.96,171.27,171.74,652.92K,0.11%,0.6899999999999977,0.4099999999999966,0.28000000000000114,0.6899999999999977,0.7909706546275403
"Sep 22, 2021",171.69,171.93,171.41,171.74,584.54K,0.00%,0.5200000000000102,0.18999999999999773,0.3300000000000125,0.5200000000000102,0.7903603603603613
"Sep 23, 2021",171.67,171.72,170.6,170.7,905.35K,-0.61%,1.1200000000000045,0.020000000000010232,1.1400000000000148,1.1400000000000148,0.7911460674157312
"Sep 24, 2021",170.59,170.62,170.14,170.3,803.94K,-0.23%,0.4800000000000182,0.07999999999998408,0.5600000000000023,0.5600000000000023,0.7906278026905839
"Sep 27, 2021",170.33,170.68,169.73,170.17,786.12K,-0.08%,0.950000000000017,0.37999999999999545,0.5700000000000216,0.950000000000017,0.7909843400447436
"Sep 28, 2021",170.25,170.31,169.48,169.86,943.32K,-0.18%,0.8300000000000125,0.14000000000001478,0.6899999999999977,0.8300000000000125,0.7910714285714295
"Sep 29, 2021",169.65,170.32,169.61,170.15,737.21K,0.17%,0.7099999999999795,0.45999999999997954,0.25,0.7099999999999795,0.7908908685968828
"Sep 30, 2021",170.12,170.19,169.56,169.82,942.18K,-0.19%,0.6299999999999955,0.03999999999999204,0.5900000000000034,0.6299999999999955,0.7905333333333342
"Oct 01, 2021",170.03,170.53,169.92,170.22,781.48K,0.24%,0.6100000000000136,0.710000000000008,0.09999999999999432,0.710000000000008,0.7903547671840363
"Oct 04, 2021",170.45,170.55,169.92,170.11,604.57K,-0.06%,0.6300000000000239,0.3300000000000125,0.30000000000001137,0.6300000000000239,0.7900000000000009
"Oct 05, 2021",170.17,170.39,169.64,169.66,704.30K,-0.26%,0.75,0.2799999999999727,0.4700000000000273,0.75,0.7899116997792505
"Oct 06, 2021",169.63,169.91,169.12,169.65,923.81K,-0.01%,0.789999999999992,0.25,0.539999999999992,0.789999999999992,0.7899118942731288
"Oct 07, 2021",169.53,170.0,169.4,169.71,706.34K,0.04%,0.5999999999999943,0.3499999999999943,0.25,0.5999999999999943,0.7894945054945064
"Oct 08, 2021",169.55,169.69,169.11,169.22,832.29K,-0.29%,0.5799999999999841,0.020000000000010232,0.5999999999999943,0.5999999999999943,0.7890789473684219
"Oct 11, 2021",169.1,169.11,168.57,168.78,547.63K,-0.26%,0.5400000000000205,0.10999999999998522,0.6500000000000057,0.6500000000000057,0.7887746170678346
"Oct 12, 2021",168.83,169.0,168.21,168.41,1.07M,-0.22%,0.789999999999992,0.21999999999999886,0.5699999999999932,0.789999999999992,0.7887772925764202
"Oct 13, 2021",168.34,169.12,168.31,168.94,1.13M,0.31%,0.8100000000000023,0.710000000000008,0.09999999999999432,0.8100000000000023,0.7888235294117656
"Oct 14, 2021",168.86,169.92,168.64,169.65,984.02K,0.42%,1.2800000000000011,0.9799999999999898,0.30000000000001137,1.2800000000000011,0.789891304347827
"Oct 15, 2021",169.84,169.84,169.17,169.56,670.47K,-0.05%,0.6700000000000159,0.18999999999999773,0.4800000000000182,0.6700000000000159,0.7896312364425172
"Oct 18, 2021",169.22,169.3,168.64,169.11,913.62K,-0.27%,0.660000000000025,0.2599999999999909,0.9200000000000159,0.9200000000000159,0.7899134199134209
"Oct 19, 2021",169.08,169.48,168.34,168.54,846.46K,-0.34%,1.1399999999999864,0.3699999999999761,0.7700000000000102,1.1399999999999864,0.7906695464362861
"Oct 20, 2021",168.26,168.87,168.08,168.71,678.20K,0.10%,0.789999999999992,0.3300000000000125,0.45999999999997954,0.789999999999992,0.7906681034482769
"Oct 21, 2021",168.5,168.8,167.92,168.25,722.50K,-0.27%,0.8800000000000239,0.09000000000000341,0.7900000000000205,0.8800000000000239,0.7908602150537645
"Oct 22, 2021",167.9,168.55,167.84,168.28,758.78K,0.02%,0.710000000000008,0.30000000000001137,0.4099999999999966,0.710000000000008,0.7906866952789711
"Oct 25, 2021",168.44,168.68,168.07,168.65,583.71K,0.22%,0.6100000000000136,0.4000000000000057,0.21000000000000796,0.6100000000000136,0.7902997858672388
"Oct 26, 2021",168.56,168.97,168.4,168.69,630.95K,0.02%,0.5699999999999932,0.3199999999999932,0.25,0.5699999999999932,0.7898290598290608
"Oct 27, 2021",168.78,169.83,168.51,169.54,958.58K,0.50%,1.3200000000000216,1.1400000000000148,0.18000000000000682,1.3200000000000216,0.7909594882729222
"Oct 28, 2021",169.61,169.65,168.29,169.06,1.27M,-0.28%,1.3600000000000136,0.11000000000001364,1.25,1.3600000000000136,0.7921702127659586
"Oct 29, 2021",168.95,168.98,167.71,168.12,1.35M,-0.56%,1.2699999999999818,0.0800000000000125,1.3499999999999943,1.3499999999999943,0.7933545647558398
"Nov 01, 2021",168.18,168.56,167.69,168.15,740.86K,0.02%,0.8700000000000045,0.4399999999999977,0.4300000000000068,0.8700000000000045,0.7935169491525434
"Nov 02, 2021",168.39,169.36,168.31,169.33,875.01K,0.70%,1.0500000000000114,1.210000000000008,0.1599999999999966,1.210000000000008,0.7943974630021152
"Nov 03, 2021",169.25,169.7,168.98,169.34,803.10K,0.01%,0.7199999999999989,0.3699999999999761,0.35000000000002274,0.7199999999999989,0.7942405063291149
"Nov 04, 2021",169.17,170.33,169.03,170.21,894.29K,0.51%,1.3000000000000114,0.9900000000000091,0.3100000000000023,1.3000000000000114,0.7953052631578958
"Nov 05, 2021",170.16,171.24,170.06,171.07,850.91K,0.51%,1.1800000000000068,1.0300000000000011,0.15000000000000568,1.1800000000000068,0.7961134453781523
"Nov 08, 2021",171.1,171.12,170.43,170.69,556.85K,-0.22%,0.6899999999999977,0.05000000000001137,0.6399999999999864,0.6899999999999977,0.7958909853249487
"Nov 09, 2021",170.6,171.44,170.52,171.25,709.92K,0.33%,0.9199999999999875,0.75,0.1699999999999875,0.9199999999999875,0.7961506276150638
"Nov 10, 2021",171.26,171.38,170.27,170.69,843.97K,-0.33%,1.1099999999999852,0.12999999999999545,0.9799999999999898,1.1099999999999852,0.7968058455114834
"Nov 11, 2021",170.41,170.87,170.21,170.42,582.16K,-0.16%,0.6599999999999966,0.18000000000000682,0.47999999999998977,0.6599999999999966,0.7965208333333343
"Nov 12, 2021",170.5,171.07,170.32,170.85,676.53K,0.25%,0.75,0.6500000000000057,0.09999999999999432,0.75,0.7964241164241175
"Nov 15, 2021",171.01,171.4,170.42,170.75,628.91K,-0.06%,0.9800000000000182,0.5500000000000114,0.4300000000000068,0.9800000000000182,0.7968049792531131
"Nov 16, 2021",170.54,170.86,170.36,170.77,618.97K,0.01%,0.5,0.11000000000001364,0.38999999999998636,0.5,0.7961904761904772
"Nov 17, 2021",170.62,170.97,170.55,170.77,537.00K,0.00%,0.4199999999999875,0.19999999999998863,0.21999999999999886,0.4199999999999875,0.7954132231404969
"Nov 18, 2021",170.94,171.38,170.88,171.24,640.49K,0.28%,0.5,0.6099999999999852,0.10999999999998522,0.6099999999999852,0.7950309278350526
"Nov 19, 2021",171.21,172.42,171.0,172.32,891.76K,0.63%,1.4199999999999875,1.1799999999999784,0.2400000000000091,1.4199999999999875,0.7963168724279844
"Nov 22, 2021",172.19,172.57,171.53,171.77,644.23K,-0.32%,1.039999999999992,0.25,0.789999999999992,1.039999999999992,0.7968172484599599
"Nov 23, 2021",171.68,171.7,170.56,170.81,784.69K,-0.56%,1.1399999999999864,0.0700000000000216,1.210000000000008,1.210000000000008,0.7976639344262304
"Nov 24, 2021",170.74,171.18,170.31,170.54,793.13K,-0.16%,0.8700000000000045,0.37000000000000455,0.5,0.8700000000000045,0.7978118609406962
"Nov 25, 2021",170.6,171.06,170.6,170.98,349.08K,0.26%,0.46000000000000796,0.5200000000000102,0.060000000000002274,0.5200000000000102,0.7972448979591846
"Nov 26, 2021",171.19,172.46,171.14,172.34,879.09K,0.80%,1.3200000000000216,1.4800000000000182,0.1599999999999966,1.4800000000000182,0.7986354378818747
"Nov 29, 2021",172.03,172.38,171.65,172.02,671.18K,-0.19%,0.7299999999999898,0.03999999999999204,0.6899999999999977,0.7299999999999898,0.7984959349593506
"Nov 30, 2021",171.99,172.71,171.84,172.37,1.02M,0.20%,0.8700000000000045,0.6899999999999977,0.18000000000000682,0.8700000000000045,0.7986409736308326
"Dec 01, 2021",172.19,172.59,171.63,172.07,1.05M,-0.17%,0.960000000000008,0.21999999999999886,0.7400000000000091,0.960000000000008,0.7989676113360334
"Dec 02, 2021",172.47,173.06,172.12,172.75,1.42M,0.40%,0.9399999999999977,0.9900000000000091,0.05000000000001137,0.9900000000000091,0.7993535353535364
"Dec 03, 2021",172.83,173.14,172.41,172.77,1.12M,0.01%,0.7299999999999898,0.38999999999998636,0.3400000000000034,0.7299999999999898,0.7992137096774204
"Dec 06, 2021",172.92,173.01,172.6,172.91,662.45K,0.08%,0.4099999999999966,0.23999999999998067,0.17000000000001592,0.4099999999999966,0.798430583501007
"Dec 07, 2021",172.69,172.79,172.27,172.53,117.81K,-0.22%,0.5199999999999818,0.12000000000000455,0.6399999999999864,0.6399999999999864,0.7981124497991978
"Dec 08, 2021",172.54,172.96,172.4,172.86,8.24K,0.19%,0.5600000000000023,0.4300000000000068,0.12999999999999545,0.5600000000000023,0.7976352705410832
"Dec 09, 2021",173.59,174.31,173.44,174.19,464.44K,0.77%,0.8700000000000045,1.4499999999999886,0.5799999999999841,1.4499999999999886,0.798940000000001
"Dec 10, 2021",174.13,174.27,173.78,174.24,448.42K,0.03%,0.4900000000000091,0.0800000000000125,0.4099999999999966,0.4900000000000091,0.7983233532934142
"Dec 13, 2021",173.91,174.7,173.89,174.68,359.93K,0.25%,0.8100000000000023,0.45999999999997954,0.35000000000002274,0.8100000000000023,0.7983466135458177
"Dec 14, 2021",174.64,174.75,174.18,174.46,394.66K,-0.13%,0.5699999999999932,0.06999999999999318,0.5,0.5699999999999932,0.7978926441351898
"Dec 15, 2021",174.39,174.56,174.04,174.32,403.49K,-0.08%,0.5200000000000102,0.09999999999999432,0.4200000000000159,0.5200000000000102,0.7973412698412707
"Dec 16, 2021",174.09,174.44,173.43,174.05,667.66K,-0.15%,1.009999999999991,0.12000000000000455,0.8899999999999864,1.009999999999991,0.7977623762376247
"Dec 17, 2021",174.25,174.66,174.08,174.43,405.41K,0.22%,0.5799999999999841,0.6099999999999852,0.030000000000001137,0.6099999999999852,0.797391304347827
"Dec 20, 2021",174.74,174.94,174.09,174.42,403.16K,-0.01%,0.8499999999999943,0.5099999999999909,0.3400000000000034,0.8499999999999943,0.7974950690335315
"Dec 21, 2021",174.23,174.44,173.23,173.31,476.94K,-0.64%,1.210000000000008,0.020000000000010232,1.1899999999999977,1.210000000000008,0.7983070866141742
"Dec 22, 2021",173.47,173.52,172.77,173.14,362.64K,-0.10%,0.75,0.21000000000000796,0.539999999999992,0.75,0.7982121807465629
"Dec 23, 2021",173.17,173.19,172.28,172.43,371.68K,-0.41%,0.9099999999999966,0.05000000000001137,0.8599999999999852,0.9099999999999966,0.7984313725490206
"Dec 24, 2021",172.54,172.54,172.54,172.54,-,0.06%,0.0,0.10999999999998522,0.10999999999998522,0.10999999999998522,0.7970841487279853
"Dec 27, 2021",172.48,172.64,172.08,172.41,180.06K,-0.08%,0.5599999999999739,0.09999999999999432,0.45999999999997954,0.5599999999999739,0.7966210937500009
"Dec 28, 2021",172.36,172.47,172.09,172.36,189.53K,-0.03%,0.37999999999999545,0.060000000000002274,0.3199999999999932,0.37999999999999545,0.7958089668615993
"Dec 29, 2021",172.31,172.42,171.31,171.51,325.49K,-0.49%,1.1099999999999852,0.05999999999997385,1.0500000000000114,1.1099999999999852,0.7964202334630358
"Dec 30, 2021",171.42,171.79,171.31,171.37,314.73K,-0.08%,0.47999999999998977,0.28000000000000114,0.19999999999998863,0.47999999999998977,0.7958058252427191
"Jan 03, 2022",171.36,171.53,170.55,170.74,492.41K,-0.37%,0.9799999999999898,0.1599999999999966,0.8199999999999932,0.9799999999999898,0.7961627906976751
"Jan 04, 2022",170.69,171.17,170.5,170.81,717.15K,0.04%,0.6699999999999875,0.4299999999999784,0.2400000000000091,0.6699999999999875,0.7959187620889755
"Jan 05, 2022",170.75,170.93,170.53,170.75,639.22K,-0.04%,0.4000000000000057,0.12000000000000455,0.28000000000000114,0.4000000000000057,0.7951544401544409
"Jan 06, 2022",170.53,170.61,169.95,170.34,762.90K,-0.24%,0.660000000000025,0.13999999999998636,0.8000000000000114,0.8000000000000114,0.795163776493257
"Jan 07, 2022",170.45,170.53,169.88,170.0,613.34K,-0.20%,0.6500000000000057,0.18999999999999773,0.46000000000000796,0.6500000000000057,0.7948846153846161
"Jan 10, 2022",169.96,170.21,169.71,169.96,679.20K,-0.02%,0.5,0.21000000000000796,0.28999999999999204,0.5,0.7943186180422273
"Jan 11, 2022",169.92,170.2,169.57,169.79,771.35K,-0.10%,0.6299999999999955,0.23999999999998067,0.3900000000000148,0.6299999999999955,0.7940038314176252
"Jan 12, 2022",169.87,170.51,169.74,170.22,800.92K,0.25%,0.7699999999999818,0.7199999999999989,0.04999999999998295,0.7699999999999818,0.7939579349904404
"Jan 13, 2022",170.08,171.0,169.86,170.71,722.58K,0.29%,1.1399999999999864,0.7800000000000011,0.3599999999999852,1.1399999999999864,0.7946183206106877
"Jan 14, 2022",170.83,170.95,169.87,170.08,708.78K,-0.37%,1.079999999999984,0.23999999999998067,0.8400000000000034,1.079999999999984,0.7951619047619055
"Jan 17, 2022",169.8,169.92,169.53,169.65,377.17K,-0.25%,0.38999999999998636,0.160000000000025,0.5500000000000114,0.5500000000000114,0.7946958174904949
"Jan 18, 2022",169.67,169.81,169.31,169.57,737.05K,-0.05%,0.5,0.1599999999999966,0.3400000000000034,0.5,0.7941366223908924
"Jan 19, 2022",169.3,169.54,168.95,169.38,772.80K,-0.11%,0.5900000000000034,0.030000000000001137,0.6200000000000045,0.6200000000000045,0.7938068181818189
"Jan 20, 2022",169.28,169.94,169.21,169.74,614.30K,0.21%,0.7299999999999898,0.5600000000000023,0.1699999999999875,0.7299999999999898,0.7936862003780725
"Jan 21, 2022",170.0,170.63,169.92,170.29,704.57K,0.32%,0.710000000000008,0.8899999999999864,0.1799999999999784,0.8899999999999864,0.7938679245283026
"Jan 24, 2022",170.23,171.07,170.1,170.87,740.08K,0.34%,0.9699999999999989,0.7800000000000011,0.18999999999999773,0.9699999999999989,0.7941996233521664
"Jan 25, 2022",170.62,170.89,170.26,170.66,794.72K,-0.12%,0.6299999999999955,0.01999999999998181,0.6100000000000136,0.6299999999999955,0.7938909774436097
"Jan 26, 2022",170.34,170.58,169.66,170.35,685.63K,-0.18%,0.9200000000000159,0.07999999999998408,1.0,1.0,0.7942776735459669
"Jan 27, 2022",169.78,170.42,169.67,170.16,788.20K,-0.11%,0.75,0.06999999999999318,0.6800000000000068,0.75,0.7941947565543078
"Jan 28, 2022",170.21,170.22,169.42,170.02,783.92K,-0.08%,0.8000000000000114,0.060000000000002274,0.7400000000000091,0.8000000000000114,0.7942056074766362
"Jan 31, 2022",169.91,169.93,168.81,169.11,935.28K,-0.54%,1.1200000000000045,0.09000000000000341,1.210000000000008,1.210000000000008,0.7949813432835827
"Feb 01, 2022",169.03,169.54,168.65,168.76,791.63K,-0.21%,0.8899999999999864,0.4299999999999784,0.46000000000000796,0.8899999999999864,0.7951582867783992
"Feb 02, 2022",168.81,169.17,168.41,168.66,759.46K,-0.06%,0.7599999999999909,0.4099999999999966,0.3499999999999943,0.7599999999999909,0.7950929368029745
"Feb 03, 2022",168.76,168.81,166.84,166.9,1.31M,-1.04%,1.9699999999999989,0.15000000000000568,1.8199999999999932,1.9699999999999989,0.7972727272727279
"Feb 04, 2022",166.89,167.0,165.72,166.02,1.27M,-0.53%,1.2800000000000011,0.09999999999999432,1.1800000000000068,1.2800000000000011,0.7981666666666672
"Feb 07, 2022",166.07,166.49,165.38,165.6,1.08M,-0.25%,1.1100000000000136,0.46999999999999886,0.6400000000000148,1.1100000000000136,0.7987430683918676
"Feb 08, 2022",165.71,166.11,165.03,165.18,1.09M,-0.25%,1.0800000000000125,0.5100000000000193,0.5699999999999932,1.0800000000000125,0.7992619926199269
"Feb 09, 2022",165.33,166.01,165.33,165.86,870.19K,0.41%,0.6799999999999784,0.8299999999999841,0.15000000000000568,0.8299999999999841,0.7993186003683247
"Feb 10, 2022",165.8,165.96,164.37,164.94,1.11M,-0.55%,1.5900000000000034,0.09999999999999432,1.490000000000009,1.5900000000000034,0.8007720588235301
"Feb 11, 2022",164.71,166.46,164.48,164.95,965.98K,0.01%,1.9800000000000182,1.5200000000000102,0.46000000000000796,1.9800000000000182,0.8029357798165144
"Feb 14, 2022",165.89,166.38,164.95,165.23,942.67K,0.17%,1.4300000000000068,1.4300000000000068,0.0,1.4300000000000068,0.8040842490842498
"Feb 15, 2022",165.44,165.53,164.42,164.54,942.12K,-0.42%,1.1100000000000136,0.30000000000001137,0.8100000000000023,1.1100000000000136,0.8046435100548454
"Feb 16, 2022",164.75,165.47,164.34,165.23,805.45K,0.42%,1.1299999999999955,0.9300000000000068,0.19999999999998863,1.1299999999999955,0.8052372262773729
"Feb 17, 2022",165.35,166.08,165.14,165.84,836.75K,0.37%,0.9400000000000261,0.8500000000000227,0.09000000000000341,0.9400000000000261,0.8054826958105653
"Feb 18, 2022",166.2,166.74,165.61,166.34,678.08K,0.30%,1.1299999999999955,0.9000000000000057,0.22999999999998977,1.1299999999999955,0.8060727272727279
"Feb 21, 2022",166.77,166.97,165.8,166.26,633.56K,-0.05%,1.1699999999999875,0.6299999999999955,0.539999999999992,1.1699999999999875,0.8067332123411985
"Feb 22, 2022",166.92,167.17,165.16,165.7,1.04M,-0.34%,2.009999999999991,0.9099999999999966,1.0999999999999943,2.009999999999991,0.8089130434782615
"Feb 23, 2022",165.65,166.17,165.39,165.99,764.91K,0.18%,0.7800000000000011,0.46999999999999886,0.3100000000000023,0.7800000000000011,0.8088607594936716
"Feb 24, 2022",166.18,168.01,166.01,166.93,1.19M,0.57%,2.0,2.019999999999982,0.01999999999998181,2.019999999999982,0.8110469314079429
"Feb 25, 2022",166.63,167.2,165.87,166.15,853.80K,-0.47%,1.329999999999984,0.2699999999999818,1.0600000000000023,1.329999999999984,0.8119819819819826
"Feb 28, 2022",167.03,168.0,166.25,167.04,969.08K,0.54%,1.75,1.8499999999999943,0.09999999999999432,1.8499999999999943,0.81384892086331
"Mar 01, 2022",167.75,171.12,167.31,170.3,1.79M,1.95%,3.8100000000000023,4.0800000000000125,0.27000000000001023,4.0800000000000125,0.8197127468581694
"Mar 02, 2022",170.45,170.85,169.01,169.38,1.50M,-0.54%,1.8400000000000034,0.549999999999983,1.2900000000000205,1.8400000000000034,0.8215412186379935
"Mar 03, 2022",169.55,169.75,168.46,169.2,1.52M,-0.11%,1.289999999999992,0.37000000000000455,0.9199999999999875,1.289999999999992,0.8223792486583191
"Mar 04, 2022",169.54,171.22,169.17,170.96,926.18K,1.04%,2.0500000000000114,2.0200000000000102,0.030000000000001137,2.0500000000000114,0.8245714285714292
"Mar 07, 2022",171.35,171.66,169.61,169.9,155.38K,-0.62%,2.049999999999983,0.6999999999999886,1.3499999999999943,2.049999999999983,0.826755793226382
"Mar 08, 2022",169.71,170.12,168.23,168.49,10.85K,-0.83%,1.8900000000000148,0.21999999999999886,1.670000000000016,1.8900000000000148,0.8286476868327409
"Mar 09, 2022",164.96,165.29,163.38,163.58,850.51K,-2.91%,1.9099999999999966,3.200000000000017,5.110000000000014,5.110000000000014,0.8362522202486685
"Mar 10, 2022",163.63,164.43,162.02,162.78,961.96K,-0.49%,2.4099999999999966,0.8499999999999943,1.5600000000000023,2.4099999999999966,0.83904255319149
"Mar 11, 2022",162.94,163.2,162.01,162.44,647.56K,-0.21%,1.1899999999999977,0.4199999999999875,0.7700000000000102,1.1899999999999977,0.83966371681416
"Mar 14, 2022",162.46,162.73,161.14,161.21,605.35K,-0.76%,1.5900000000000034,0.28999999999999204,1.3000000000000114,1.5900000000000034,0.8409893992932869
"Mar 15, 2022",161.34,162.05,160.9,161.97,617.48K,0.47%,1.1500000000000057,0.8400000000000034,0.3100000000000023,1.1500000000000057,0.8415343915343922
"Mar 16, 2022",161.63,161.81,160.56,161.07,690.10K,-0.56%,1.25,0.1599999999999966,1.4099999999999966,1.4099999999999966,0.8425352112676063
"Mar 17, 2022",161.16,161.69,160.68,161.01,715.29K,-0.04%,1.009999999999991,0.6200000000000045,0.38999999999998636,1.009999999999991,0.8428295254833047
"Mar 18, 2022",161.19,161.77,160.76,161.37,490.02K,0.22%,1.0100000000000193,0.7600000000000193,0.25,1.0100000000000193,0.8431228070175445
"Mar 21, 2022",161.26,161.34,159.77,160.3,526.10K,-0.66%,1.5699999999999932,0.030000000000001137,1.5999999999999943,1.5999999999999943,0.8444483362521898
"Mar 22, 2022",159.99,159.99,159.07,159.43,790.43K,-0.54%,0.9200000000000159,0.3100000000000023,1.2300000000000182,1.2300000000000182,0.8451223776223784
"Mar 23, 2022",159.39,160.31,159.06,159.8,656.78K,0.23%,1.25,0.8799999999999955,0.37000000000000455,1.25,0.8458289703315889
"Mar 24, 2022",160.05,160.26,158.73,159.26,737.86K,-0.34%,1.5300000000000011,0.45999999999997954,1.0700000000000216,1.5300000000000011,0.8470209059233457
"Mar 25, 2022",159.15,159.64,158.08,158.65,657.96K,-0.38%,1.5599999999999739,0.37999999999999545,1.1799999999999784,1.5599999999999739,0.848260869565218
"Mar 28, 2022",158.47,158.67,157.65,158.32,694.00K,-0.21%,1.0199999999999818,0.01999999999998181,1.0,1.0199999999999818,0.8485590277777784
"Mar 29, 2022",158.22,158.33,156.05,157.37,916.30K,-0.60%,2.280000000000001,0.010000000000019327,2.269999999999982,2.280000000000001,0.8510398613518204
"Mar 30, 2022",157.53,158.06,156.37,157.16,878.66K,-0.13%,1.6899999999999977,0.6899999999999977,1.0,1.6899999999999977,0.8524913494809695
"Mar 31, 2022",157.04,159.05,156.9,158.66,999.82K,0.95%,2.1500000000000057,1.8900000000000148,0.2599999999999909,2.1500000000000057,0.8547322970639039
"Apr 01, 2022",158.55,158.89,157.71,158.35,816.14K,-0.20%,1.1799999999999784,0.22999999999998977,0.9499999999999886,1.1799999999999784,0.8552931034482765
"Apr 04, 2022",158.5,159.79,158.12,159.1,772.12K,0.47%,1.6699999999999875,1.4399999999999977,0.22999999999998977,1.6699999999999875,0.8566953528399317
"Apr 05, 2022",159.31,159.42,157.62,157.73,832.87K,-0.86%,1.799999999999983,0.3199999999999932,1.4799999999999898,1.799999999999983,0.8583161512027496
"Apr 06, 2022",157.76,157.78,156.84,157.24,818.43K,-0.31%,0.9399999999999977,0.05000000000001137,0.8899999999999864,0.9399999999999977,0.8584562607204121
"Apr 07, 2022",157.59,157.87,156.4,156.83,911.68K,-0.26%,1.4699999999999989,0.6299999999999955,0.8400000000000034,1.4699999999999989,0.8595034246575347
"Apr 08, 2022",157.01,157.29,156.26,156.57,648.08K,-0.17%,1.0300000000000011,0.45999999999997954,0.5700000000000216,1.0300000000000011,0.8597948717948724
"Apr 11, 2022",156.13,156.19,154.93,155.03,738.45K,-0.98%,1.259999999999991,0.37999999999999545,1.6399999999999864,1.6399999999999864,0.8611262798634817
"Apr 12, 2022",154.75,155.76,154.27,155.36,820.62K,0.21%,1.4899999999999807,0.7299999999999898,0.7599999999999909,1.4899999999999807,0.8621976149914825
"Apr 13, 2022",155.1,155.91,154.51,155.86,759.54K,0.32%,1.4000000000000057,0.549999999999983,0.8500000000000227,1.4000000000000057,0.8631122448979597
"Apr 14, 2022",155.48,156.17,154.63,154.95,814.99K,-0.58%,1.539999999999992,0.30999999999997385,1.2300000000000182,1.539999999999992,0.8642614601018681
"Apr 15, 2022",154.71,154.71,154.71,154.71,-,-0.15%,0.0,0.23999999999998067,0.23999999999998067,0.23999999999998067,0.8632033898305089
"Apr 19, 2022",154.55,154.7,153.29,153.7,753.45K,-0.65%,1.4099999999999966,0.010000000000019327,1.420000000000016,1.420000000000016,0.8641455160744506
"Apr 20, 2022",153.44,155.0,153.25,154.61,773.03K,0.59%,1.75,1.3000000000000114,0.44999999999998863,1.75,0.8656418918918923
"Apr 21, 2022",154.57,154.66,153.28,153.8,852.39K,-0.52%,1.3799999999999955,0.04999999999998295,1.3300000000000125,1.3799999999999955,0.8665092748735249
"Apr 22, 2022",153.47,153.92,153.05,153.25,732.99K,-0.36%,0.8699999999999761,0.11999999999997613,0.75,0.8699999999999761,0.8665151515151519
"Apr 25, 2022",153.14,155.26,153.11,154.89,814.83K,1.07%,2.1499999999999773,2.009999999999991,0.13999999999998636,2.1499999999999773,0.8686722689075634
"Apr 26, 2022",154.56,155.72,154.19,155.49,-,0.39%,1.5300000000000011,0.8300000000000125,0.6999999999999886,1.5300000000000011,0.8697818791946312
"Apr 27, 2022",155.45,155.83,154.82,155.46,779.88K,-0.02%,1.0100000000000193,0.3400000000000034,0.6700000000000159,1.0100000000000193,0.8700167504187608
"Apr 28, 2022",155.35,156.0,154.02,154.15,961.40K,-0.84%,1.9799999999999898,0.539999999999992,1.4399999999999977,1.9799999999999898,0.871872909698997
"Apr 29, 2022",154.44,154.69,153.43,153.59,979.01K,-0.36%,1.259999999999991,0.539999999999992,0.7199999999999989,1.259999999999991,0.8725208681135229
